tweet_links,commenters,profile_urls,comments,comment_times
https://twitter.com/bbcbangla/status/1594962185029320705,Md Shaha Kamal,https://twitter.com/md_shaha_kamal,,2022-11-22T07:56:34.000Z
https://twitter.com/bbcbangla/status/1594895977957437441,Sania Roma,https://twitter.com/sania_roma,‡¶ñ‡ßÅ‡¶¨‡¶á ‡¶Æ‡¶∞‡ßç‡¶Æ‡¶æ‡¶®‡ßç‡¶§‡¶ø‡¶ï ‡¶ò‡¶ü‡¶®‡¶æ‡•§,2022-11-22T05:14:58.000Z
https://twitter.com/bbcbangla/status/1594731722255618055,Md. Rokibul Hasan,https://twitter.com/RokibulDev,okay,2022-11-21T17:20:33.000Z
https://twitter.com/bbcbangla/status/1594677860287254529,MAHMUDUR RAHMAN,https://twitter.com/MAHMUDU69861081,‡¶Ü‡¶™‡¶®‡¶ø ‡¶ï‡ßã‡¶® ‡¶ß‡¶∞‡ßç‡¶Æ‡ßá ‡¶¨‡¶ø‡¶∂‡ßç‡¶¨‡¶æ‡¶∏‡¶ø??,2022-11-21T14:16:59.000Z
https://twitter.com/bbcbangla/status/1594625286435635202,Sania Roma,https://twitter.com/sania_roma,‡¶Æ‡¶®‡ßá ‡¶π‡¶ö‡ßç‡¶õ‡ßá ‡¶ï‡ßã‡¶Ø‡¶º‡¶æ‡¶∞‡ßç‡¶ü‡¶æ‡¶∞ ‡¶´‡¶æ‡¶á‡¶®‡¶æ‡¶≤‡ßá ‡¶á‡¶Ç‡¶≤‡ßç‡¶Ø‡¶æ‡¶®‡ßç‡¶° ‡¶¶‡¶≤ ‡¶π‡ßã‡¶Å‡¶ö‡¶ü‡•§,2022-11-21T10:56:40.000Z
https://twitter.com/bbcbangla/status/1594605845001773058,KOBIKONTHO,https://twitter.com/kobikontho,‡¶è ‡¶∏‡¶∞‡¶ï‡¶æ‡¶∞ ‡¶è‡¶§ ‡¶ú‡¶®‡¶™‡ßç‡¶∞‡¶ø‡¶Ø‡¶º ‡¶Ø‡ßá ‡¶≠‡ßã‡¶ü‡ßá‡¶∞ ‡¶Ü‡¶ó‡ßá‡¶∞ ‡¶¶‡¶ø‡¶® ‡¶¨‡¶ø‡¶¶‡ßç‡¶Ø‡ßÅ‡ßé ‡¶¶‡¶æ‡¶Æ ‡¶¨‡¶æ‡¶°‡¶º‡¶æ‡¶≤‡ßá‡¶ì ‡¶ú‡¶ø‡¶§‡¶¨‡ßá!!!???,2022-11-21T09:15:20.000Z
https://twitter.com/bbcbangla/status/1594587710500610049,Istiuk Ahamed,https://twitter.com/AhamedIstiuk,Love you so Much Brother  https://pic.twitter.com/hatg7r7F6S,2022-11-21T19:19:14.000Z
https://twitter.com/bbcbangla/status/1594587710500610049,Maruf hossain,https://twitter.com/Marufho52613313,"England, Nederland and Wells",2022-11-21T07:48:04.000Z
https://twitter.com/bbcbangla/status/1594587710500610049,Ashu,https://twitter.com/the_ashzz,Wales never ..,2022-11-21T08:22:37.000Z
https://twitter.com/bbcbangla/status/1594587710500610049,Mahmudul Huq Khan,https://twitter.com/MahmudulHuqKha2,"‡¶∏‡ßá‚Äå‡¶®‡ßá‡¶ó‡¶æ‡¶≤ ‡¶è‚Äå‡¶ï‡ßá‡¶¨‡¶æ‚Äå‡¶∞‡ßá ‡¶ñ‡ßá‡¶≤‡¶æ‡¶∞ ‡¶∂‡ßá‡¶∑ ‡¶™‡ßç‡¶∞‡¶æ‚Äå‡¶®‡ßç‡¶§‡ßá ‡¶è‚Äå‡¶∏‡ßá ‡¶§‡¶æ‚Äå‡¶¶‡ßá‡¶∞ ‡¶Ü‡¶ï‡ßç‡¶∞‡¶Æ‡¶® ‡¶†‡¶ø‡¶≤‡¶æ ‡¶ï‚Äå‡¶∞‡ßá ‡¶π‡ßá‚Äå‡¶∞‡ßá ‡¶ó‡ßá‡¶≤ ‡¶¶‡ßá‚Äå‡¶ñ‡ßá, ‡¶Ü‡¶Æ‡¶æ‡¶∞ ‡¶ñ‡¶æ‡¶∞‡¶æ‡¶™ ‡¶≤‡ßá‚Äå‡¶ó‡ßá‚Äå‡¶õ‡ßá‡•§",2022-11-22T05:26:22.000Z
https://twitter.com/bbcbangla/status/1594587710500610049,KD Aslam,https://twitter.com/KDAslamPro,"‡¶á‡¶∞‡¶æ‡¶®, ‡¶∏‡ßá‡¶®‡ßá‡¶ó‡¶æ‡¶≤, ‡¶ì‡¶Ø‡¶º‡ßá‡¶≤‡¶∏‡•§",2022-11-21T10:33:50.000Z
https://twitter.com/bbcbangla/status/1594587710500610049,Saidul Saoun,https://twitter.com/SaidulSaoun,"England, senegal, wails",2022-11-21T07:42:45.000Z
https://twitter.com/bbcbangla/status/1594587710500610049,The Fuad,https://twitter.com/FuadDhali,"‡¶á‡¶∞‡¶æ‡¶®
Senegal
Usa",2022-11-21T10:37:08.000Z
https://twitter.com/bbcbangla/status/1594587710500610049,Choton Barua,https://twitter.com/BaruaBarua13,"‡ßß‡•§ ‡¶á‡¶Ç‡¶≤‡ßç‡¶Ø‡¶æ‡¶®‡ßç‡¶°‡•§ 
‡ß®‡•§ ‡¶®‡ßá‡¶¶‡¶æ‡¶∞‡¶≤‡ßç‡¶Ø‡¶æ‡¶®‡ßç‡¶°‡•§
‡ß©‡•§ ‡¶Ø‡ßÅ‡¶ï‡ßç‡¶§‡¶∞‡¶æ‡¶∑‡ßç‡¶ü‡ßç‡¶∞‡•§",2022-11-21T09:09:34.000Z
https://twitter.com/bbcbangla/status/1594587710500610049,MD Ahasan Habib,https://twitter.com/habib_ahsan0,"1. England
2. Senegal
3. USA",2022-11-21T09:22:07.000Z
https://twitter.com/bbcbangla/status/1594587710500610049,Md Mojammel Hossain,https://twitter.com/MdMojam73720405,‡¶Ø‡ßÅ‡¶ï‡ßç‡¶§‡¶∞‡¶æ‡¶∑‡ßç‡¶ü‡ßç‡¶∞,2022-11-21T08:41:16.000Z
https://twitter.com/bbcbangla/status/1594587710500610049,@@@nayeef,https://twitter.com/nayeef78574964,"iran 
senegal
wales",2022-11-21T08:35:02.000Z
https://twitter.com/bbcbangla/status/1594587710500610049,ùêìùêöùêßùê£ùê¢ùê´ùêÆùê•,https://twitter.com/RealTanjirul,Iran,2022-11-21T07:08:15.000Z
https://twitter.com/bbcbangla/status/1594587710500610049,Rashed Mia,https://twitter.com/Rashedmia371,,2022-11-22T06:36:49.000Z
https://twitter.com/bbcbangla/status/1594587710500610049,ùï¨ùñíùñüùñÜùñâ ùï≥ùñîùñòùñòùñäùñì ùïπùñäùñûùñîùñì,https://twitter.com/ahneyon,"Ami support kori Iran kintu jitbe England.
Netherlands ar Wales",2022-11-21T07:20:07.000Z
https://twitter.com/bbcbangla/status/1594587710500610049,Mohammad Tuhin khan,https://twitter.com/tuhin7501,"‡¶ó‡ßã‡¶∏‡¶≤ ‡¶π‡¶¨‡ßá ‡¶Ü‡¶Ø‡¶º‡¶∞‡¶® ‡¶ì ‡¶Æ‡¶Ø‡¶º‡¶≤‡¶æ ‡¶Æ‡ßÅ‡¶ï‡ßç‡¶§ ‡¶¨‡¶ø‡¶∂‡ßÅ‡¶¶‡ßç‡¶ß ‡¶™‡¶æ‡¶®‡¶ø ‡¶¶‡¶ø‡¶Ø‡¶º‡ßá-01629-000666-Heron Premiu... https://youtu.be/o-BjknABBNA via 
@YouTube",2022-11-21T18:17:40.000Z
https://twitter.com/bbcbangla/status/1594366763000791040,JANNATUL FERDOUS NAYEEM,https://twitter.com/NAYEEMISSION,‡¶§‡¶ø‡¶®‡¶ø ‡¶Ü‡¶∞ ‡¶´‡¶ø‡¶∞‡¶¨‡ßá‡¶® ‡¶®‡¶æ‡•§,2022-11-20T18:04:23.000Z
https://twitter.com/bbcbangla/status/1594271035859558405,Feroze Anwar,https://twitter.com/FerozeTalk,"‡¶∂‡¶∞‡¶ø‡¶∑‡¶æ‡¶∞  ‡¶≠‡¶ø‡¶§‡¶∞ ‡¶≠‡ßÇ‡¶§‡•§ ‡¶™‡ßÅ‡¶≤‡¶ø‡¶∂ ‡¶Ø‡ßá ‡¶¶‡ßá‡¶∂‡ßá  (fool) ‡¶´‡ßÅ‡¶≤, ‡¶§‡¶¶‡¶®‡ßç‡¶§ ‡¶ï‡¶∞‡ßá ‡¶ï‡ßÄ ‡¶π‡¶¨‡ßá?",2022-11-20T13:29:37.000Z
https://twitter.com/bbcbangla/status/1594271035859558405,ziaur rahman,https://twitter.com/dhumketuzia,"‡¶Ü‡¶á‡¶® ‡¶∂‡ßÉ‡¶ô‡ßç‡¶ñ‡¶≤‡¶æ ‡¶¨‡¶æ‡¶π‡¶ø‡¶®‡ßÄ ‡¶ì ‡¶§‡¶æ‡¶∞ ‡¶ó‡ßã‡¶Ø‡¶º‡ßá‡¶®‡ßç‡¶¶‡¶æ‡¶∞‡¶æ ‡¶¨‡ßç‡¶Ø‡¶∏‡ßç‡¶§ ‡¶∂‡ßÅ‡¶ß‡ßÅ‡¶Æ‡¶æ‡¶§‡ßç‡¶∞ ‡¶ú‡¶ø‡¶Ø‡¶º‡¶æ ‡¶™‡¶∞‡¶ø‡¶¨‡¶æ‡¶∞ ‡¶Ü‡¶∞ ‡¶¨‡¶ø‡¶è‡¶®‡¶™‡¶ø ‡¶ï‡ßá ‡¶ï‡¶ø‡¶≠‡¶æ‡¶¨‡ßá ‡¶¶‡¶Æ‡¶® ‡¶ì ‡¶®‡¶ø‡¶∂‡ßç‡¶ö‡¶ø‡¶π‡ßç‡¶® ‡¶ï‡¶∞‡¶æ ‡¶Ø‡¶æ‡¶Ø‡¶º ‡¶∏‡ßá‡¶ï‡¶æ‡¶ú‡ßá‡•§
‡¶Ø‡¶æ‡¶∞ ‡¶ï‡¶æ‡¶∞‡¶£‡ßá ‡¶Ü‡¶á‡¶® ‡¶∂‡ßÉ‡¶ô‡ßç‡¶ñ‡¶≤‡¶æ ‡¶™‡¶∞‡¶ø‡¶∏‡ßç‡¶•‡¶ø‡¶§‡¶ø ‡¶ï‡ßá ‡¶≠‡¶æ‡¶≤‡ßã ‡¶∏‡¶®‡ßç‡¶§‡ßã‡¶∑‡¶ú‡¶®‡¶ï ‡¶∞‡¶æ‡¶ñ‡¶æ ‡¶Ø‡ßá ‡¶§‡¶æ‡¶¶‡ßá‡¶∞ ‡¶™‡ßç‡¶∞‡¶ß‡¶æ‡¶® ‡¶ï‡¶∞‡ßç‡¶§‡¶¨‡ßç‡¶Ø ‡¶§‡¶æ ‡¶¨‡ßá‡¶Æ‡¶æ‡¶≤‡ßÅ‡¶Æ ‡¶≠‡ßÅ‡¶≤‡ßá ‡¶ó‡ßá‡¶õ‡ßá, 
‡¶è‡¶á ‡¶ò‡¶ü‡¶®‡¶æ ‡¶§‡¶æ‡¶∞ ‡¶â‡¶ú‡ßç‡¶ú‡ßç‡¶¨‡¶≤ ‡¶â‡¶¶‡¶æ‡¶π‡¶∞‡¶£‡•§",2022-11-20T15:16:49.000Z
https://twitter.com/bbcbangla/status/1594271035859558405,E K SaZu,https://twitter.com/EKSaZu1,‡¶õ‡¶æ‡¶§‡ßç‡¶∞‡¶≤‡ßÄ‡¶ó‡ßá‡¶∞ ‡¶ö‡¶æ‡¶Æ‡¶°‡¶º‡¶æ ‡¶§‡ßÅ‡¶≤‡ßá ‡¶®‡¶ø‡¶¨‡ßã ‡¶Ü‡¶Æ‡¶∞‡¶æ‡•§,2022-11-21T05:08:52.000Z
https://twitter.com/bbcbangla/status/1594271035859558405,Hasan Mahamud,https://twitter.com/hm0812092,"‡¶è‡¶á‡¶ü‡¶æ ‡¶¨‡¶ø‡¶∂‡ßç‡¶¨‡¶æ‡¶∏ ‡¶π‡¶Ø‡¶º ‡¶®‡¶æ,,‡¶ì‡¶∞‡¶æ ‡¶Æ‡¶≤‡¶Æ ‡¶™‡¶æ‡¶¨‡ßá ‡¶ï‡ßá‡¶Æ‡¶®‡ßá",2022-11-20T23:04:42.000Z
https://twitter.com/bbcbangla/status/1594271035859558405,titu,https://twitter.com/titubhai7,‡¶ú‡¶®‡¶ó‡¶£ ‡¶ï‡ßç‡¶∞‡¶Æ‡¶æ‡¶®‡ßç‡¶¨‡¶Ø‡¶º‡ßá ‡¶∏‡¶¨‡¶ï‡¶ø‡¶õ‡ßÅ‡¶∞ ‡¶™‡ßç‡¶∞‡¶§‡¶ø ‡¶¨‡¶ø‡¶∂‡ßç‡¶¨‡¶æ‡¶∏ ‡¶π‡¶æ‡¶∞‡¶ø‡¶Ø‡¶º‡ßá ‡¶´‡ßá‡¶≤‡¶õ‡ßá...,2022-11-21T04:39:40.000Z
https://twitter.com/bbcbangla/status/1594260760904941569,Shahidul Islam,https://twitter.com/a8846da0662e488,‡ß®‡ß®‡¶§‡¶Æ ‡¶Ü‡¶∏‡¶∞ ‡¶§‡ßã‡•§ ‡ß®‡ßß ‡¶§‡¶Æ ‡¶ï‡ßá‡¶® ‡¶≤‡ßá‡¶ñ‡¶æ??????,2022-11-20T15:37:31.000Z
https://twitter.com/bbcbangla/status/1594232484744527873,DIPAK K MITRA,https://twitter.com/DKMitra,‡¶¨‡¶ø‡¶¨‡¶ø‡¶∏‡¶ø ‡¶¨‡¶æ‡¶Ç‡¶≤‡¶æ‡¶∞ ‡¶Ö‡¶®‡ßÅ‡¶∑‡ßç‡¶†‡¶æ‡¶® ‡¶Ü‡¶ú‡¶ï‡¶æ‡¶≤ ‡¶Ü‡¶∞ ‡¶ï‡ßá‡¶â ‡¶¶‡ßá‡¶ñ‡ßá ‡¶®‡¶æ ‡¶∂‡ßÅ‡¶®‡ßá ‡¶®‡¶æ ‡¶§‡¶æ‡¶á ‡¶Ü‡¶™‡¶®‡¶æ‡¶¶‡ßá‡¶∞ ‡¶ß‡¶∞‡ßç‡¶Æ‡¶™‡ßç‡¶∞‡¶æ‡¶£ ‡¶™‡¶∞‡¶ø‡¶¨‡¶æ‡¶∞‡ßá‡¶∞ ‡¶∏‡¶ï‡¶≤‡¶ï‡ßá ‡¶¨‡¶≤‡ßá ‡¶∞‡¶æ‡¶ñ‡ßÅ‡¶® ‡¶ì‡¶á ‡¶Ö‡¶®‡ßÅ‡¶∑‡ßç‡¶†‡¶æ‡¶® ‡¶¶‡ßá‡¶ñ‡¶æ‡¶∞ ‡¶ú‡¶®‡ßç‡¶Ø,2022-11-20T12:13:23.000Z
https://twitter.com/bbcbangla/status/1593506642729259008,pole,https://twitter.com/MdBabu74019650,J,2022-11-18T12:56:59.000Z
https://twitter.com/bbcbangla/status/1593506485526749184,Sahariyar Jaman,https://twitter.com/imSahariyarK,Good Decision,2022-11-18T19:44:32.000Z
https://twitter.com/bbcbangla/status/1593186564603252736,usman goni,https://twitter.com/usmangi112200,‡¶§‡ßã‡¶∞‡¶æ ‡¶Æ‡¶ø‡¶°‡¶ø‡¶Ø‡¶º‡¶æ‡¶∞ ‡¶ï‡¶ø ‡¶ï‡¶æ‡¶Æ ‡¶§‡ßã‡¶∞‡¶æ ‡¶¶‡ßá‡¶ñ‡¶§‡ßá ‡¶™‡¶æ‡¶∞‡ßã‡¶∏ ‡¶®‡¶æ ‡¶ï‡ßá ‡¶¨‡¶®‡ßç‡¶ß ‡¶ï‡¶∞‡¶õ‡ßá ‡¶ï‡¶æ‡¶®‡ßã ‡¶¨‡¶®‡ßç‡¶ß ‡¶ï‡¶∞‡¶õ‡ßá ‡¶¨‡¶ø‡¶è‡¶®‡¶™‡¶ø ‡¶¨‡¶≤‡¶õ‡ßá ‡¶¨‡¶ø‡¶è‡¶®‡¶™‡¶ø ‡¶¨‡¶≤‡¶õ‡ßá ‡¶Æ‡¶ø‡¶°‡¶ø‡¶Ø‡¶º‡¶æ ‡¶¨‡¶®‡ßç‡¶ß ‡¶ï‡¶∞‡ßá ‡¶ö‡ßÅ‡¶°‡¶º‡¶ø ‡¶π‡¶æ‡¶§‡ßá ‡¶¶‡¶ø‡¶Ø‡¶º‡ßá ‡¶¨‡¶æ‡¶°‡¶º‡¶ø‡¶§‡ßá ‡¶∞‡¶æ‡¶®‡ßç‡¶®‡¶æ ‡¶ï‡¶∞‡ßá ‡¶ñ‡¶æ,2022-11-17T15:26:24.000Z
https://twitter.com/bbcbangla/status/1593186564603252736,.A‚É†L‚É†‚û™MÕ°ÕúAÕ°ÕúMÕ°ÕúUÕ°ÕúNÕ°Õú,https://twitter.com/Almamun851,‡¶è‡¶∏‡¶¨ ‡¶Ö‡¶≠‡¶ø‡¶Ø‡ßã‡¶ó ‡¶è ‡¶Ü‡¶ì‡¶Ø‡¶º‡¶æ‡¶Æ‡ßÄ‡¶≤‡ßÄ‡¶ó ‡¶è‡¶∞ ‡¶ï‡¶ø‡¶õ‡ßÅ‡¶á ‡¶Ü‡¶∏‡ßá ‡¶Ø‡¶æ‡¶Ø‡¶º ‡¶®‡¶æ‡•§ ‡¶¶‡ßá‡¶∂‡ßá ‡¶™‡¶æ‡¶¨‡ßç‡¶≤‡¶ø‡¶ï ‡¶Ø‡¶æ‡¶®‡ßá ‡¶¶‡ßá‡¶∂‡ßá ‡¶Ø‡¶§‡ßç‡¶§‡¶∏‡¶¨ ‡¶®‡¶æ‡¶ü‡¶ï ‡¶π‡¶Ø‡¶º ‡¶§‡¶æ‡¶∞ ‡¶Æ‡ßÅ‡¶≤‡ßá‡¶á ‡¶Ü‡¶ì‡¶Ø‡¶º‡¶æ‡¶Æ‡ßÄ‡¶≤‡ßÄ‡¶ó ‡¶ú‡¶°‡¶º‡¶ø‡¶§‡•§,2022-11-19T01:25:23.000Z
https://twitter.com/bbcbangla/status/1593186564603252736,ùêåùêÉ. ùêíùêöùê¢ùêü -,https://twitter.com/Md_Saif1999,‡¶è‡¶ñ‡¶®‡¶ï‡¶æ‡¶∞ ‡¶∏‡¶æ‡¶Ç‡¶¨‡¶æ‡¶¶‡¶ø‡¶ï ‡¶ó‡ßÅ‡¶≤‡ßã ‡¶™‡¶æ ‡¶ö‡¶æ‡¶ü‡¶æ ‡¶ó‡ßÉ‡¶π‡¶™‡¶æ‡¶≤‡¶ø‡¶§ ‡¶¶‡¶æ‡¶≤‡¶æ‡¶≤ ‡¶≠‡¶æ‡¶á,2022-11-18T14:51:01.000Z
https://twitter.com/bbcbangla/status/1593186564603252736,SHAHRIARE HOSSAIN ARAFAT,https://twitter.com/ShahriareArafat,‡¶Ö‡¶≠‡¶ø‡¶Ø‡ßã‡¶ó ‡¶ï‡¶∞‡ßá ‡¶ï‡¶ö‡ßÅ ‡¶π‡¶¨‡ßá‡•§ ‡¶∂‡ßÅ‡¶®‡¶¨‡ßá ‡¶ï‡ßá,2022-11-17T11:21:58.000Z
https://twitter.com/bbcbangla/status/1593186564603252736,Mizanul Khan,https://twitter.com/MizanulKhan,‡¶è‡¶á‡¶ó‡ßÅ‡¶≤‡¶æ ‡¶ï‡¶∞‡ßá ‡¶∏‡¶∞‡¶ï‡¶æ‡¶∞‡ßá‡¶∞‡¶ì ‡¶Æ‡¶®‡ßá‡¶∞ ‡¶Ö‡¶ú‡¶æ‡¶®‡ßç‡¶§‡ßá‡¶á ‡¶ú‡¶®‡¶ó‡¶£‡ßá‡¶∞ ‡¶ï‡¶æ‡¶õ ‡¶•‡ßá‡¶ï‡ßá ‡¶ß‡ßÄ‡¶∞‡ßá ‡¶ß‡ßÄ‡¶∞‡ßá ‡¶¶‡ßÇ‡¶∞‡ßá ‡¶∏‡¶∞‡ßá ‡¶Ø‡¶æ‡¶ö‡ßç‡¶õ‡ßá ,2022-11-18T03:51:23.000Z
https://twitter.com/bbcbangla/status/1593186564603252736,Habibur rahman,https://twitter.com/hr434344_rahman,‡¶è‡¶ü‡¶æ ‡¶∏‡¶§‡ßç‡¶Ø‡¶ø ‡¶ï‡¶•‡¶æ,2022-11-17T13:44:39.000Z
https://twitter.com/bbcbangla/status/1593186564603252736,Akash,https://twitter.com/Akash55790007,‡¶Ö‡¶≠‡¶ø‡¶Ø‡ßã‡¶ó ‡¶§‡ßã ‡¶Æ‡¶ø‡¶•‡ßç‡¶Ø‡¶æ ‡¶®‡¶Ø‡¶º,2022-11-17T14:47:24.000Z
https://twitter.com/bbcbangla/status/1593186564603252736,‡¶Æ‡ßã‡¶É ‡¶∏‡¶æ‡¶ú‡ßÅ ‡¶Æ‡¶ø‡¶Ø‡¶º‡¶æ,https://twitter.com/MdSaju25419656,Ok,2022-11-17T17:44:37.000Z
https://twitter.com/bbcbangla/status/1593130820642164738,Abu saleh,https://twitter.com/Abusale02125091,Rights,2022-11-19T05:01:28.000Z
https://twitter.com/bbcbangla/status/1593130820642164738,¬∞‚Ä¢¬∞,https://twitter.com/ifahimhossain,keep it till....,2022-11-17T06:52:53.000Z
https://twitter.com/bbcbangla/status/1593130820642164738,Omir Faruk Mir,https://twitter.com/mir_omir,‡¶Ü‡¶Æ‡¶æ‡¶∞ ‡¶™‡ßç‡¶∞‡¶ø‡¶Ø‡¶º ‡¶¶‡¶≤ ‡¶¨‡ßç‡¶∞‡¶æ‡¶ú‡¶ø‡¶≤,2022-11-17T08:09:52.000Z
https://twitter.com/bbcbangla/status/1593130820642164738,Khokon Toshur,https://twitter.com/ToshurKhokon,interest,2022-11-21T15:09:05.000Z
https://twitter.com/bbcbangla/status/1592489406111584257,FRK,https://twitter.com/farzanaratna,Great demographic dividend!,2022-11-15T18:16:58.000Z
https://twitter.com/bbcbangla/status/1592457381585293314,ziaur rahman,https://twitter.com/dhumketuzia,"She is also an intelligent girl.
Best wishes to Oishi.",2022-11-15T15:21:35.000Z
https://twitter.com/bbcbangla/status/1592453029210775553,Zahidul Mozammel,https://twitter.com/ZahidulMozammel,This is not unusual.,2022-11-15T16:31:43.000Z
https://twitter.com/bbcbangla/status/1592453029210775553,JANNATUL FERDOUS NAYEEM,https://twitter.com/NAYEEMISSION,‡¶ï‡¶æ‡¶§‡¶æ‡¶∞ ‡¶ï‡ßã‡¶® ‡¶ú‡¶®‡ßç‡¶§‡ßÅ ‡¶ú‡¶æ‡¶®‡ßã‡¶Ø‡¶º‡¶æ‡¶∞‡ßá‡¶∞ ‡¶¶‡ßá‡¶∂ ‡¶®‡¶æ‡•§ ‡¶ú‡¶®‡ßç‡¶§‡ßÅ ‡¶ú‡¶æ‡¶®‡ßã‡¶Ø‡¶º‡¶æ‡¶∞ ‡¶•‡¶æ‡¶ï‡ßá ‡¶â‡¶®‡ßç‡¶®‡¶§ ‡¶¨‡¶ø‡¶∂‡ßç‡¶¨‡ßá‡¶∞‡¶∞ ‡¶¶‡ßá‡¶∂ ‡¶ó‡ßÅ‡¶≤‡ßã ‡¶§‡ßá‡•§,2022-11-15T15:38:30.000Z
https://twitter.com/bbcbangla/status/1592425792918937600,M M Jamal,https://twitter.com/MMJamal8,‡¶≠‡ßÅ‡¶ü ‡¶ö‡ßÅ‡¶∞‡¶∞‡ßá‡¶∞ ‡¶¶‡¶≤ ‡¶Ø‡ßá ‡¶ï‡¶¶‡¶ø‡¶® ‡¶Ü‡¶ó‡ßá‡¶á ‡¶¨‡¶≤‡¶õ‡¶ø‡¶≤ ‡¶è‡¶∞ ‡¶â‡¶≤‡ßç‡¶ü‡ßã ‡¶ï‡¶•‡¶æ ‡¶è‡¶ü‡¶æ ‡¶¨‡¶ø‡¶¨‡¶ø‡¶ö‡¶ø ‡¶≠‡ßÅ‡¶≤‡ßá‡¶ó‡ßá‡¶õ‡ßá?????,2022-11-15T08:14:07.000Z
https://twitter.com/bbcbangla/status/1592425792918937600,rtr shahin,https://twitter.com/ShahinRtr,‡¶ï‡¶•‡¶æ ‡¶†‡¶ø‡¶ï ‡¶¨‡¶≤‡ßá‡¶õ‡ßá‡•§  ‡¶¨‡¶ø‡¶™‡¶¶‡ßá‡¶∞ ‡¶∏‡¶Æ‡¶Ø‡¶º ‡¶∞‡¶ø‡¶ú‡¶æ‡¶∞‡ßç‡¶≠ ‡¶¨‡ßç‡¶Ø‡¶¨‡¶π‡¶æ‡¶∞ ‡¶ï‡¶∞‡¶§‡ßá ‡¶π‡¶¨‡ßá‡•§,2022-11-15T08:07:08.000Z
https://twitter.com/bbcbangla/status/1592425792918937600,Taieba Anar,https://twitter.com/TaiebaAnar,‡¶ó‡ßç‡¶Ø‡¶æ‡¶∏ ‡¶ì ‡¶ï‡¶ø‡¶®‡¶§‡ßá ‡¶π‡¶ö‡ßç‡¶õ‡ßá ? ‡¶Ü‡¶Æ‡¶∞‡¶æ ‡¶§‡ßã ‡¶Ø‡¶æ‡¶®‡¶ø ‡¶ó‡ßç‡¶Ø‡¶æ‡¶∏‡ßá‡¶∞ ‡¶ñ‡¶®‡¶ø ‡¶Ü‡¶õ‡ßá ‡¶Ü‡¶Æ‡¶æ‡¶¶‡ßá‡¶∞ ‡¶¶‡ßá‡¶∂‡ßá ! ‡¶Ü‡¶ö‡ßç‡¶õ‡¶æ ‡¶∏‡¶¨‡¶á ‡¶ï‡¶ø‡¶®‡ßç‡¶§‡ßá ‡¶π‡¶≤‡ßá ‡¶Ü‡¶Æ‡¶æ‡¶¶‡ßá‡¶∞ ‡¶¶‡ßá‡¶∂‡ßá ‡¶Ü‡¶õ‡ßá‡¶ü‡¶æ ‡¶ï‡¶ø ? ‡¶è‡¶ü‡¶æ ‡¶è‡¶ï‡¶ü‡ßÅ ‡¶¨‡¶≤‡¶¨‡ßá‡¶®?,2022-11-16T06:27:43.000Z
https://twitter.com/bbcbangla/status/1592425792918937600,‡¶¨‡ßÄ‡¶∞ ‡¶Æ‡ßÅ‡¶ï‡ßç‡¶§‡¶ø‡¶Ø‡ßã‡¶¶‡ßç‡¶ß‡¶æ,https://twitter.com/Ripon06706775,‡¶Ü‡¶Æ‡¶æ‡¶¶‡ßá‡¶∞ ‡¶¶‡ßá‡¶∂‡ßá ‡¶Ü‡¶õ‡ßá ‡¶¨‡ßã‡¶Ø‡¶º‡¶æ‡¶≤ ‡¶Ü‡¶ï‡ßÉ‡¶§‡¶ø‡¶∞ ‡¶¶‡ßÅ‡¶∞‡ßç‡¶®‡ßÄ‡¶§‡¶ø‡¶¨‡¶æ‡¶ú‡•§,2022-11-16T09:44:36.000Z
https://twitter.com/bbcbangla/status/1592425792918937600,Shah Alam Hridoy,https://twitter.com/ShahAlamHridoy1,‡¶ó‡ßç‡¶Ø‡¶æ‡¶∏ ‡¶ï‡¶ø ‡¶¨‡¶æ‡¶Ç‡¶≤‡¶æ‡¶¶‡ßá‡¶∂‡ßá ‡¶´‡ßÅ‡¶∞‡¶ø‡¶Ø‡¶º‡ßá ‡¶ó‡ßá‡¶≤‡ßã? ‡¶π‡¶æ‡¶Ø‡¶º‡¶∞‡ßá ‡¶Æ‡¶æ‡¶¨‡ßÅ‡¶¶ ‡¶è‡¶ñ‡¶® ‡¶ï‡¶ø ‡¶π‡¶¨‡ßá! ‡¶ï‡¶ø‡¶®‡ßç‡¶§‡ßÅ‡ßÅ ‡¶Ü‡¶™‡¶®‡¶ø‡¶§‡ßã ‡¶¨‡¶π‡ßÅ ‡¶Ü‡¶ó‡ßá ‡¶¨‡¶≤‡ßá‡¶õ‡¶ø‡¶≤‡ßá‡¶® ‡¶Ü‡¶Æ‡¶æ‡¶¶‡ßá‡¶∞ ‡¶ú‡¶®‡¶ó‡¶£‡ßá‡¶∞ ‡¶ú‡¶®‡ßç‡¶Ø ‡ß´‡ß¶ ‡¶¨‡¶õ‡¶∞‡ßá‡¶∞ ‡¶ó‡ßç‡¶Ø‡¶æ‡¶∏ ‡¶Æ‡¶ú‡ßÅ‡¶¶ ‡¶∞‡ßá‡¶ñ‡ßá‡¶á ‡¶Ö‡¶®‡ßç‡¶Ø‡¶¶‡ßá‡¶∞ ‡¶∏‡¶æ‡¶•‡ßá ‡¶ó‡ßç‡¶Ø‡¶æ‡¶∏ ‡¶¨‡¶ø‡¶ï‡ßç‡¶∞‡¶ø‡¶∞ ‡¶ö‡ßÅ‡¶ï‡ßç‡¶§‡¶ø ‡¶π‡¶§‡ßá ‡¶™‡¶æ‡¶∞‡ßá!,2022-11-15T15:26:23.000Z
https://twitter.com/bbcbangla/status/1592425792918937600,‡¶™‡¶≤‡¶ø,https://twitter.com/pali50849991,‡¶Ü‡¶®‡ßç‡¶°‡¶æ ‡¶§‡ßá‡¶∞‡¶æ‡¶™‡¶ø ‡¶ï‡¶ø‡¶®‡¶§‡ßá ‡¶π‡¶¨‡ßá,2022-11-15T12:42:17.000Z
https://twitter.com/bbcbangla/status/1592425792918937600,‡¶ï‡¶´‡¶ø,https://twitter.com/Sohidulisl,‡¶Æ‡¶æ‡¶®‡ßÅ‡¶∑‡ßá‡¶∞ ‡¶Ø‡¶æ ‡¶≤‡¶æ‡¶ó‡ßá ‡¶§‡¶æ‡¶á ‡¶ï‡¶ø‡¶®‡¶¨‡ßá‡¶® ‡¶ï‡ßã‡¶® ‡¶∏‡¶Æ‡¶∏‡ßç‡¶Ø‡¶æ ‡¶®‡ßá‡¶á ‡¶ï‡ßã‡¶® ‡¶ï‡ßÅ‡¶§‡ßç‡¶§‡¶æ ‡¶Ø‡ßá‡¶® ‡¶è‡¶ñ‡¶æ‡¶®‡ßá ‡¶Æ‡ßÅ‡¶ñ ‡¶®‡¶æ ‡¶¶‡ßá‡¶Ø‡¶º,2022-11-15T11:01:42.000Z
https://twitter.com/bbcbangla/status/1592425792918937600,Saidur Rahman PK,https://twitter.com/PkSaidur,‡¶∏‡¶∞‡¶ï‡¶æ‡¶∞ ‡¶ï‡ßã‡¶®‡¶ü‡¶æ‡¶∞ ‡¶≠‡¶∞‡ßç‡¶§‡ßÅ‡¶ï‡¶ø ‡¶¶‡¶ø‡¶Ø‡¶º‡ßá ‡¶ú‡¶®‡¶ó‡¶£‡ßá‡¶∞ ‡¶∏‡ßá‡¶¨‡¶æ ‡¶ï‡¶∞‡¶õ‡ßá ?,2022-11-15T08:39:05.000Z
https://twitter.com/bbcbangla/status/1592425792918937600,ziaur rahman,https://twitter.com/dhumketuzia,"‡¶™‡ßç‡¶∞‡¶ß‡¶æ‡¶®‡¶Æ‡¶®‡ßç‡¶§‡ßç‡¶∞‡ßÄ, ‡¶Ü‡¶™‡¶®‡¶ø ‡¶Ø‡ßá‡¶≠‡¶æ‡¶¨‡ßá ‡¶¨‡¶≤‡¶õ‡ßá‡¶® ‡¶¨‡¶≤‡ßá‡¶õ‡ßá‡¶® ‡¶Æ‡¶®‡ßá ‡¶π‡¶ö‡ßç‡¶õ‡ßá ‡¶®‡¶æ‡¶ó‡¶∞‡¶ø‡¶ï‡¶¶‡ßá‡¶∞ ‡¶Ü‡¶™‡¶®‡¶ø ‡¶¨‡¶ø‡¶®‡¶æ‡¶Æ‡ßÇ‡¶≤‡ßç‡¶Ø‡ßá/ ‡¶∏‡ßç‡¶¨‡¶≤‡ßç‡¶™‡¶Æ‡ßÇ‡¶≤‡ßç‡¶Ø‡ßá ‡¶è‡¶∏‡¶ï‡¶≤ ‡¶∏‡ßá‡¶¨‡¶æ ‡¶¶‡¶ø‡¶ö‡ßç‡¶õ‡ßá‡¶®!!
‡¶∏‡¶ï‡¶≤ ‡¶¶‡ßá‡¶∂‡ßá ‡¶∏‡¶ï‡¶≤ ‡¶∏‡¶∞‡¶ï‡¶æ‡¶∞ ‡¶∞‡¶ø‡¶ú‡¶æ‡¶∞‡ßç‡¶≠ ‡¶π‡¶ø‡¶∏‡ßá‡¶¨‡ßá ‡¶ú‡¶Æ‡¶æ‡¶ï‡ßÉ‡¶§ ‡¶¨‡ßà‡¶¶‡ßá‡¶∂‡¶ø‡¶ï ‡¶Æ‡ßÅ‡¶¶‡ßç‡¶∞‡¶æ ‡¶¶‡¶ø‡¶Ø‡¶º‡ßá‡¶á ‡¶§‡ßã ‡¶Ü‡¶Æ‡¶¶‡¶æ‡¶®‡¶ø ‡¶¨‡ßç‡¶Ø‡¶Ø‡¶º ‡¶Æ‡¶ø‡¶ü‡¶æ‡¶Ø‡¶º‡•§",2022-11-15T09:35:35.000Z
https://twitter.com/bbcbangla/status/1592425792918937600,Saikat21,https://twitter.com/Saikat214,"Sob gulate naki amra soyongsompurno ?
Tobe kinte hove keno?",2022-11-18T08:12:48.000Z
https://twitter.com/bbcbangla/status/1592425792918937600,Rjshomon,https://twitter.com/Rjshomon4,"‡¶è‡¶§‡ßã‡¶¶‡¶ø‡¶® ‡¶è‡¶ó‡ßÅ‡¶≤‡¶æ ‡¶ï‡ßá‡¶®‡¶æ ‡¶π‡¶Ø‡¶º ‡¶®‡¶æ‡¶á,‡¶ï‡¶æ‡¶∞‡¶® ‡¶è‡¶§‡ßã‡¶¶‡¶ø‡¶® ‡¶∏‡¶¨‡¶ï‡¶ø‡¶õ‡ßÅ ‡¶π‡¶æ‡¶∏‡ßÅ ‡¶¨‡ßÅ ‡¶®‡¶ø‡¶ú‡ßá‡¶∞ ‡¶ü‡ßá‡¶ï‡¶æ‡¶Ø‡¶º ‡¶ï‡¶ø‡¶®‡¶§‡ßã
‡¶è‡¶π‡¶® ‡¶§‡¶æ‡¶∞ ‡¶ü‡ßá‡¶ï‡¶æ ‡¶∂‡ßá‡¶∑ ‡¶§‡¶æ‡¶á ‡¶∞‡¶ø‡¶ú‡¶æ‡¶∞‡ßç‡¶¨‡ßá ‡¶π‡¶æ‡¶§ ‡¶¶‡¶ø‡¶õ‡ßá",2022-11-15T14:02:03.000Z
https://twitter.com/bbcbangla/status/1592425792918937600,Mahmudul Bashar,https://twitter.com/Bashar2Mahmudul,‡¶è‡¶ï‡¶Æ‡ßÅ‡¶ñ‡ßá ‡¶¶‡ßÅ‡¶á ‡¶ï‡¶•‡¶æ ‡¶ú‡¶®‡¶ó‡¶£ ‡¶ï‡ßã‡¶®‡¶ü‡¶æ ‡¶¨‡¶ø‡¶∂‡ßç‡¶¨‡¶æ‡¶∏ ‡¶ï‡¶∞‡¶¨‡ßá,2022-11-15T11:37:02.000Z
https://twitter.com/bbcbangla/status/1592425792918937600,Follow Me To Follow You,https://twitter.com/kamrulhsohanbd,‡¶ú‡¶®‡¶ó‡¶£‡¶ï‡ßá ‡¶¨‡ßã‡¶ï‡¶æ‡¶ö‡ßã‡¶¶‡¶æ ‡¶Æ‡¶®‡ßá ‡¶π‡¶Ø‡¶º ‡¶è‡¶ñ‡¶®‡¶ì?,2022-11-15T20:28:29.000Z
https://twitter.com/bbcbangla/status/1592425792918937600,MD GOLAM MOSTOFA,https://twitter.com/md_mostoa,‡¶∏‡ßÅ‡¶á‡¶∏ ‡¶¨‡ßç‡¶Ø‡¶æ‡¶Ç‡¶ï‡ßá ‡¶Ø‡¶æ‡¶∞‡¶æ ‡¶ü‡¶æ‡¶ï‡¶æ ‡¶∞‡ßá‡¶ñ‡ßá‡¶õ‡ßá ‡¶ì‡¶¶‡ßá‡¶∞‡¶ü‡¶æ ‡¶®‡¶ø‡¶Ø‡¶º‡ßá ‡¶Ü‡¶∏‡¶≤‡ßá‡¶á ‡¶§‡ßã ‡¶Ü‡¶Æ‡¶æ‡¶¶‡ßá‡¶∞ ‡¶¶‡ßá‡¶∂‡ßá ‡¶è‡¶§ ‡¶Ö‡¶≠‡¶æ‡¶¨ ‡¶π‡¶§ ‡¶®‡¶æ‡•§ ‡¶Ü‡¶™‡¶®‡¶ø ‡¶ö‡¶æ‡¶á‡¶≤‡ßá‡¶á ‡¶®‡¶ø‡¶Ø‡¶º‡ßá ‡¶Ü‡¶∏‡¶§‡ßá ‡¶™‡¶æ‡¶∞‡¶¨‡ßá‡¶®‡•§,2022-11-15T13:16:34.000Z
https://twitter.com/bbcbangla/status/1592425792918937600,Mintu Das,https://twitter.com/MintuDa81920020,"‡¶Æ‡¶æ‡¶®‡¶®‡ßÄ‡¶Ø‡¶º ‡¶™‡ßç‡¶∞‡¶ß‡¶æ‡¶®‡¶Æ‡¶®‡ßç‡¶§‡ßç‡¶∞‡ßÄ ‡¶Ü‡¶Æ‡¶æ‡¶∞ ‡¶®‡¶Æ‡¶∏‡ßç‡¶ï‡¶æ‡¶∞ ‡¶®‡¶ø‡¶¨‡ßá‡¶®,‡¶Ü‡¶™‡¶®‡¶æ‡¶∞ ‡¶Æ‡¶§ ‡¶™‡ßç‡¶∞‡¶ß‡¶æ‡¶®‡¶Æ‡¶®‡ßç‡¶§‡ßç‡¶∞‡ßÄ ‡¶Ü‡¶Æ‡¶æ‡¶¶‡ßá‡¶∞ ‡¶¨‡¶æ‡¶Ç‡¶≤‡¶æ‡¶¶‡ßá‡¶∂‡ßá ‡¶¨‡¶æ‡¶∞‡¶¨‡¶æ‡¶∞ ‡¶¶‡¶∞‡¶ï‡¶æ‡¶∞, ‡¶ú‡¶Ø‡¶º ‡¶π‡ßã‡¶ï ‡¶Æ‡¶Æ‡¶§‡¶æ‡¶Æ‡¶Ø‡¶º‡ßÄ ‡¶Æ‡¶æ‡¶Ø‡¶º‡ßá‡¶∞‡•§‡¶Ü‡¶™‡¶®‡¶ø ‡¶∏‡ßÅ‡¶∏‡ßç‡¶• ‡¶•‡¶æ‡¶ï‡ßÅ‡¶®, 
‡¶¶‡ßÄ‡¶∞‡ßç‡¶ò‡¶ú‡ßÄ‡¶¨‡ßÄ ‡¶π‡¶® ‡¶ê ‡¶∂‡ßÅ‡¶≠‡¶ï‡¶æ‡¶Æ‡¶®‡¶æ ‡¶∞‡¶á‡¶≤‡•§",2022-11-16T00:26:27.000Z
https://twitter.com/bbcbangla/status/1592425792918937600,MD@Samsuddinmamun@Khan,https://twitter.com/samsuddinmamun,‡¶ú‡¶®‡¶ó‡¶£‡ßá‡¶∞ ‡¶ü‡¶æ‡¶ï‡¶æ ‡¶¶‡¶ø‡¶Ø‡¶º‡ßá ‡¶ú‡¶®‡¶ó‡¶£‡ßá‡¶∞ ‡¶ú‡¶®‡ßç‡¶Ø  ‡¶ï‡¶ø‡¶®‡¶§‡ßá‡¶õ‡ßá‡¶® ‡¶Ü‡¶™‡¶®‡¶æ‡¶∞ ‡¶¨‡¶æ‡¶¨‡¶æ‡¶∞ ‡¶ü‡¶æ‡¶ï‡¶æ ‡¶®‡¶æ,2022-11-15T12:12:15.000Z
https://twitter.com/bbcbangla/status/1592425792918937600,Asad Ahmed,https://twitter.com/AsadAhm21679510,Abchulitly Right,2022-11-15T14:22:07.000Z
https://twitter.com/bbcbangla/status/1592425792918937600,Mohammad Ismail Hossain,https://twitter.com/Mohamma64902529,"‡¶Æ‡¶æ‡¶®‡¶®‡ßÄ‡¶Ø‡¶º ‡¶™‡ßç‡¶∞‡¶ß‡¶æ‡¶®‡¶Æ‡¶®‡ßç‡¶§‡ßç‡¶∞‡ßÄ ‡¶Ü‡¶™‡¶®‡¶ø ‡¶¨‡¶≤‡ßá‡¶õ‡ßá‡¶® ‡¶¶‡ßá‡¶∂ ‡¶ñ‡¶æ‡¶¶‡ßç‡¶Ø‡ßá ‡¶™‡¶∞‡¶ø‡¶™‡ßÇ‡¶∞‡ßç‡¶£‡•§ ‡¶è‡¶ñ‡¶® ‡¶Ü‡¶¨‡¶æ‡¶∞ ‡¶è‡¶∏‡¶¨ ‡¶ï‡¶ø ‡¶¨‡¶≤‡¶õ‡ßá‡¶®? 
‡¶Æ‡¶æ‡¶•‡¶æ ‡¶†‡¶ø‡¶ï ‡¶Ü‡¶õ‡ßá ‡¶§‡ßã‡•§ ‡¶Ü‡¶ì‡¶Ø‡¶º‡¶æ‡¶Æ‡ßÄ ‡¶≤‡ßÄ‡¶ó ‡¶®‡¶æ‡¶®‡¶æ ‡¶Ö‡¶®‡ßà‡¶§‡¶ø‡¶ï ‡¶ñ‡¶∞‡¶ö ‡¶ï‡¶∞‡¶≤‡ßá ‡¶∞‡¶ø‡¶ú‡¶æ‡¶∞‡ßç‡¶≠ ‡¶•‡¶æ‡¶ï‡¶¨‡ßá ‡¶ï‡¶ø‡¶≠‡¶æ‡¶¨‡ßá?",2022-11-15T20:04:02.000Z
https://twitter.com/bbcbangla/status/1592425792918937600,Shahidul islam,https://twitter.com/Mmn871468Islam,"‡¶Ü‡¶™‡¶®‡¶æ‡¶∞ ‡¶Æ‡¶æ‡¶•‡¶æ ‡¶®‡¶∑‡ßç‡¶ü ‡¶π‡¶Ø‡¶º‡ßá ‡¶ó‡ßá‡¶õ‡ßá,‡¶ï‡¶ñ‡¶® ‡¶ï‡ßã‡¶® ‡¶∏‡¶Æ‡¶Ø‡¶º ‡¶ï‡ßã‡¶® ‡¶ï‡¶•‡¶æ ‡¶¨‡¶≤‡ßá‡¶®,‡¶®‡¶ø‡¶ú‡ßá‡¶á ‡¶†‡¶ø‡¶ï ‡¶ï‡¶∞‡¶§‡ßá ‡¶™‡¶æ‡¶∞‡ßá‡¶® ‡¶®‡¶æ",2022-11-15T08:41:55.000Z
https://twitter.com/bbcbangla/status/1592425792918937600,farukalhossainomar,https://twitter.com/farukalhossain_,‡¶ï‡ßÉ‡¶∑‡¶ï‡¶∞‡¶æ ‡¶ï‡ßá‡¶®‡ßã ‡¶∂‡ßÅ‡¶ß‡ßÅ ‡¶∂‡ßÅ‡¶ß‡ßÅ ‡¶∏‡¶Æ‡¶Ø‡¶º ‡¶Ö‡¶™‡¶ö‡¶Ø‡¶º ‡¶ï‡¶∞‡ßá ‡¶´‡¶∏‡¶≤ ‡¶´‡¶≤‡¶æ‡¶®?,2022-11-16T00:02:54.000Z
https://twitter.com/bbcbangla/status/1592425792918937600,Hussain mahmud,https://twitter.com/Hussain22488982,"‡¶ö‡ßã‡¶∞‡•§ ‡¶§‡ßã‡¶∞ ‡¶ï‡¶•‡¶æ ‡¶Æ‡¶æ‡¶®‡ßÅ‡¶∑ ‡¶Ü‡¶∞ ‡¶¨‡¶ø‡¶∂‡ßç‡¶¨‡¶æ‡¶∏ ‡¶ï‡¶∞‡ßá ‡¶®‡¶æ  ,,,,? ‡¶Ü‡¶ó‡ßá ‡¶ï‡¶ø ‡¶è‡¶ó‡ßÅ‡¶≤‡ßã ‡¶ï‡ßá‡¶®‡¶æ ‡¶≤‡¶æ‡¶ó‡ßá ‡¶®‡¶æ‡¶á ,,,! ‡¶ö‡ßÅ‡¶∞‡¶ø ‡¶ï‡¶∞‡ßá ‡¶ñ‡¶æ‡¶≤‡¶ø ‡¶ï‡¶∞‡ßá ‡¶´‡¶æ‡¶≤‡¶æ‡¶Ø‡¶º‡¶õ‡¶∏",2022-11-15T23:28:11.000Z
https://twitter.com/bbcbangla/status/1592425792918937600,imRaN......,https://twitter.com/PurPasa,‡¶Ü‡¶≤‡ßç‡¶≤‡¶æ‡¶π‡ßç  ‡¶§‡ßÅ‡¶Æ‡¶ø  ‡¶∞‡¶π‡¶Æ‡¶§ ‡¶ï‡¶∞‡ßã,2022-11-15T10:52:34.000Z
https://twitter.com/bbcbangla/status/1592425792918937600,Shahriar Tarek,https://twitter.com/shahriartarek32,"‡¶ó‡¶∞‡ßÅ ‡¶ö‡ßã‡¶∞, ‡¶õ‡¶æ‡¶ó‡¶≤ ‡¶ö‡ßã‡¶∞ , ‡¶≠‡ßã‡¶ü ‡¶ö‡ßã‡¶∞ ‡¶®‡ßá‡¶§‡ßç‡¶∞‡ßÄ‡¶∞ ‡¶Ø‡ßÅ‡¶ï‡ßç‡¶§‡¶ø ‡¶¶‡ßá‡¶ñ‡ßá ‡¶Æ‡¶®‡ßá ‡¶π‡¶ö‡ßç‡¶õ‡ßá ‡¶Ø‡ßá ‡¶â‡¶®‡¶ø  ‡¶¶‡ßá‡¶∂‡ßá‡¶∞ ‡¶Æ‡¶æ‡¶≤‡¶ø‡¶ï ‡¶Ü‡¶∞ ‡¶Ü‡¶Æ‡¶∞‡¶æ ‡¶∏‡¶¨ ‡¶≠‡¶æ‡¶°‡¶º‡¶æ ‡¶•‡¶æ‡¶ï‡¶ø‡•§",2022-11-15T17:00:41.000Z
https://twitter.com/bbcbangla/status/1592425792918937600,himel porosh,https://twitter.com/HimelPorosh,‡¶Ö‡¶•‡¶ö ‡¶Ü‡¶Æ‡¶∞‡¶æ ‡¶ñ‡¶æ‡¶¶‡ßç‡¶Ø‡ßá ‡¶∏‡ßç‡¶¨‡¶Ø‡¶º‡¶Ç‡¶∏‡¶Æ‡ßç‡¶™‡ßÇ‡¶∞‡ßç‡¶£‡¶§‡¶æ ‡¶Ü‡¶∞‡ßã ‡¶Ö‡¶®‡ßá‡¶ï ‡¶Ü‡¶ó‡ßá‡¶á ‡¶≤‡¶æ‡¶≠ ‡¶ï‡¶∞‡ßá‡¶õ‡¶ø‡•§,2022-11-15T09:29:18.000Z
https://twitter.com/bbcbangla/status/1592425792918937600,MD NURUL ISLAM,https://twitter.com/MDNURUL58163112,Fault Kotha bolty.....ki kosto hoy na,2022-11-15T11:50:41.000Z
https://twitter.com/bbcbangla/status/1592425792918937600,Mahmudul Bashar,https://twitter.com/Bashar2Mahmudul,‡¶Ü‡¶™‡¶®‡¶ø ‡¶§‡ßã ‡¶¨‡¶≤‡ßá‡¶õ‡ßá‡¶® ‡¶Ö‡¶ï‡¶ü‡ßá‡¶® ‡¶¨‡¶æ‡¶Ç‡¶≤‡¶æ‡¶¶‡ßá‡¶∂‡ßá ‡¶â‡ßé‡¶™‡¶æ‡¶¶‡¶® ‡¶ï‡¶∞‡ßá‡¶®,2022-11-15T11:36:34.000Z
https://twitter.com/bbcbangla/status/1592425792918937600,Mehedi Hasan Kayes,https://twitter.com/Kay1Hasan,‡¶∏‡ßÅ‡¶á‡¶ö ‡¶¨‡ßç‡¶Ø‡¶æ‡¶Ç‡¶ï‡ßá ‡¶Ø‡ßá ‡¶ü‡¶æ‡¶ï‡¶æ‡¶ó‡ßÅ‡¶≤‡ßã ‡¶®‡ßá‡¶§‡¶æ‡¶ï‡¶∞‡ßç‡¶Æ‡ßÄ‡¶¶‡ßá‡¶∞ ‡¶∏‡ßá‡¶ó‡ßÅ‡¶≤‡ßã ‡¶ï‡ßã‡¶•‡¶æ ‡¶•‡ßá‡¶ï‡ßá ‡¶ï‡¶æ‡¶Æ‡¶æ‡¶á ‡¶ï‡¶∞‡¶≤‡•§ ‡¶¨‡¶æ‡¶Ç‡¶≤‡¶æ‡¶¶‡ßá‡¶∂‡ßá‡¶∞ ‡¶∏‡¶¨‡¶ö‡ßá‡¶Ø‡¶º‡ßá ‡¶¨‡¶°‡¶º ‡¶∏‡¶Æ‡¶∏‡ßç‡¶Ø‡¶æ ‡¶¶‡ßÇ‡¶∞‡ßç‡¶®‡ßÄ‡¶§‡¶ø‡•§ ‡¶Ø‡ßá‡¶¶‡¶ø‡¶® ‡¶¨‡¶æ‡¶Ç‡¶≤‡¶æ‡¶¶‡ßá‡¶∂ ‡¶¶‡ßÇ‡¶∞‡ßç‡¶®‡ßÄ‡¶§‡¶ø ‡¶Æ‡ßÅ‡¶ï‡ßç‡¶§ ‡¶π‡¶¨‡ßá ‡¶∏‡ßá‡¶¶‡¶ø‡¶®‡¶á ‡¶∞‡¶ø‡¶ú‡¶æ‡¶∞‡ßç‡¶¨ ‡¶´‡¶æ‡¶®‡ßç‡¶°‡ßá ‡¶Ö‡¶∞‡ßç‡¶• ‡¶•‡¶æ‡¶ï‡¶¨‡ßá‡•§,2022-11-16T00:30:21.000Z
https://twitter.com/bbcbangla/status/1592425792918937600,‡¶Æ‡¶® ‡¶Æ‡ßü‡¶®‡¶æ@‡ßß‡ß™‡ßÆ‡ßØ,https://twitter.com/IslamBabui,"‡ß≠‡ßß'‡¶∞ ‡¶™‡¶∞ ‡¶•‡ßá‡¶ï‡ßá‡¶á ‡¶§‡ßã ‡¶è‡¶ó‡ßÅ‡¶≤‡ßã ‡¶Ü‡¶Æ‡¶¶‡¶æ‡¶®‡¶ø ‡¶ï‡¶∞‡¶æ ‡¶≤‡¶æ‡¶ó‡ßá, ‡¶®‡¶§‡ßÅ‡¶® ‡¶ï‡¶ø....???",2022-11-15T13:11:31.000Z
https://twitter.com/bbcbangla/status/1592425792918937600,syed rahim,https://twitter.com/syedrah05936073,righ,2022-11-15T11:08:20.000Z
https://twitter.com/bbcbangla/status/1592425792918937600,Alamgir Titu,https://twitter.com/AlamgirTitu1,‡¶®‡¶æ‡¶∏‡¶æ ‡¶•‡ßá‡¶ï‡ßá ‡¶ï‡ßç‡¶Ø‡¶æ‡¶Æ‡ßá‡¶∞‡¶æ ‡¶§‡¶æ‡¶ï ‡¶ï‡¶∞‡¶≤‡ßá ‡¶∂‡ßÅ‡¶ß‡ßÅ ‡¶¨‡¶æ‡¶Ç‡¶≤‡¶æ‡¶¶‡ßá‡¶∂‡ßá‡¶∞ ‡¶â‡¶®‡ßç‡¶®‡¶Ø‡¶º‡¶®,2022-11-15T16:59:44.000Z
https://twitter.com/bbcbangla/status/1592425792918937600,ŸÖÿ≠ŸÖÿØ ÿµÿØÿßŸÖ ÿ≠ÿ≥ŸäŸÜ,https://twitter.com/AshikPapi,‡¶è‡¶∏‡¶¨‡ßá‡¶∞ ‡¶Æ‡¶ß‡ßç‡¶Ø‡ßá ‡¶ï‡ßã‡¶®‡¶ü‡¶ø ‡¶´‡ßç‡¶∞‡¶ø ‡¶¶‡¶ø‡¶ö‡ßç‡¶õ‡ßá‡¶®???,2022-11-15T17:13:57.000Z
https://twitter.com/bbcbangla/status/1592425792918937600,kawsar ahamed,https://twitter.com/Kawsarmiaa,‡¶Ü‡¶∏‡¶≤ ‡¶ï‡¶•‡¶æ ‡¶π‡¶ö‡ßç‡¶õ‡ßá ‡¶≠‡¶¨‡¶ø‡¶∑‡ßç‡¶Ø‡ßé ‡¶Ö‡¶®‡ßç‡¶ß‡¶ï‡¶æ‡¶∞ ‡¶§‡¶æ‡¶á ‡¶∞‡¶ø‡¶ú‡¶æ‡¶∞‡ßç‡¶≠ ‡¶Ø‡¶æ ‡¶Ü‡¶õ‡ßá ‡¶§‡¶æ ‡¶≤‡¶á‡¶Ø‡¶º‡¶æ ‡¶ï‡¶á‡¶∞‡¶æ ‡¶ï‡¶æ‡¶á‡¶ü‡¶æ ‡¶™‡¶∞‡¶æ‡¶∞ ‡¶ö‡¶ø‡¶®‡ßç‡¶§‡¶æ,2022-11-15T16:03:40.000Z
https://twitter.com/bbcbangla/status/1592425792918937600,Burhan Uddin,https://twitter.com/WazidBurhan,"‡¶≠‡¶ø‡¶ï‡ßç‡¶∑‡ßÅ‡¶ï‡ßá‡¶∞  ‡¶∞‡¶æ‡¶∏‡ßç‡¶ü‡ßç‡¶∞,,,,,, ‡¶∏‡¶¨‡¶æ‡¶á ‡¶ö‡ßÅ‡¶∞",2022-11-15T14:36:52.000Z
https://twitter.com/bbcbangla/status/1592425792918937600,‡¶ö‡¶ø‡¶∞ ‡¶â‡¶®‡ßç‡¶®‡¶§ ‡¶Æ‡¶Æ ‡¶∂‡¶ø‡¶∞,https://twitter.com/mm_shir,‡¶∞‡¶æ‡¶∏‡ßç‡¶ü‡ßç‡¶∞‡ßá‡¶∞ ‡¶â‡¶™‡¶∞ ‡¶≤‡ßá‡¶≠‡ßá‡¶≤ ‡¶•‡ßá‡¶ï‡ßá ‡¶ö‡ßÅ‡¶∞‡¶ø ‡¶π‡¶≤‡ßá ‡¶¨‡ßá‡¶π‡¶æ‡¶≤ ‡¶Ö‡¶¨‡¶∏‡ßç‡¶•‡¶æ ‡¶π‡¶¨‡ßá ‡¶è‡¶ü‡¶æ‡¶á ‡¶∏‡ßç‡¶¨‡¶æ‡¶≠‡¶æ‡¶¨‡¶ø‡¶ï ‡¶Æ‡¶®‡ßá ‡¶ï‡¶∞‡ßá‡¶® ‡¶∏‡¶ö‡ßá‡¶§‡¶® ‡¶ú‡¶®‡¶ó‡¶£,2022-11-15T15:39:25.000Z
https://twitter.com/bbcbangla/status/1592425792918937600,Aminur Islam Roni,https://twitter.com/aminurislamroni,‡¶è‡¶∞ ‡¶Æ‡¶ß‡ßç‡¶Ø ‡¶Ü‡¶¨‡¶æ‡¶∞ ‡¶ü‡¶æ‡¶ï‡¶æ ‡¶¨‡¶ø‡¶¶‡ßá‡¶∂‡ßá ‡¶™‡¶æ‡¶ö‡¶æ‡¶∞ ‡¶ï‡¶∞‡¶§‡ßá‡¶ì ‡¶π‡¶ö‡ßç‡¶õ‡ßá!!!!,2022-11-15T15:01:11.000Z
https://twitter.com/bbcbangla/status/1592425792918937600,MD Aktarul Islam.Liton,https://twitter.com/aktarul_liton,Ha ha ha,2022-11-15T11:43:40.000Z
https://twitter.com/bbcbangla/status/1592425792918937600,Arman Sweet,https://twitter.com/ArmanSweet4,‡¶Ü‡¶Æ‡¶ú‡¶®‡¶§‡¶æ ‡¶è‡¶ñ‡¶® ‡¶Ü‡¶™‡¶®‡¶æ‡¶∞ ‡¶¨‡ßá‡¶≤‡¶ñ‡¶ø ‡¶¨‡ßÅ‡¶ù‡ßá ‡¶ó‡ßá‡¶õ‡ßá,2022-11-15T16:31:44.000Z
https://twitter.com/bbcbangla/status/1592425792918937600,MAZ ASAD,https://twitter.com/Asaduzz21265015,‡¶ó‡ßÅ‡¶Ø‡¶º‡¶æ ‡¶Æ‡¶æ‡¶∞‡¶æ ‡¶∏‡¶æ‡¶∞‡¶æ,2022-11-16T07:14:51.000Z
https://twitter.com/bbcbangla/status/1592425792918937600,ALAUDDIN,https://twitter.com/alauddin986399,ùôΩùöå,2022-11-16T06:36:16.000Z
https://twitter.com/bbcbangla/status/1592425792918937600,Anik,https://twitter.com/Anik18437254,"‡¶õ‡¶ø ‡¶õ‡¶ø ‡¶π‡¶æ‡¶∏‡¶ø‡¶®‡¶æ
‡¶≤‡¶ú‡ßç‡¶ú‡¶æ‡¶Ø‡¶º ‡¶¨‡¶æ‡¶Å‡¶ö‡¶ø‡¶®‡¶æ",2022-11-16T00:13:26.000Z
https://twitter.com/bbcbangla/status/1592425792918937600,‡¶Æ‡¶æ‡¶®‡¶¨‡¶æ‡¶ß‡¶ø‡¶ï‡¶æ‡¶∞/ ‡¶∏‡¶æ‡¶Ç‡¶¨‡¶æ‡¶¶‡¶ø‡¶ï‡¶§‡¶æ,https://twitter.com/ClubProbshi,"‡¶¨‡ßá‡¶ó‡¶Æ ‡¶™‡¶æ‡¶°‡¶º‡¶æ‡¶Ø‡¶º ‡¶™‡¶æ‡¶ö‡¶æ‡¶∞ ‡¶ï‡¶∞‡¶æ ‡¶ü‡¶æ‡¶ï‡¶æ, ‡¶∏‡¶∞‡¶ï‡¶æ‡¶∞‡ßá‡¶∞ ‡¶¨‡ßç‡¶Ø‡¶æ‡¶Ç‡¶ï‡¶ã‡¶£ ‡¶ñ‡ßá‡¶≤‡¶æ‡¶™‡ßÄ ‡¶®‡ßá‡¶§‡¶æ‡¶¶‡ßá‡¶∞ ‡¶•‡ßá‡¶ï‡ßá ‡¶ü‡¶æ‡¶ï‡¶æ ‡¶â‡¶¶‡ßç‡¶ß‡¶æ‡¶∞ ‡¶ï‡¶∞‡ßÅ‡¶®‡•§",2022-11-17T05:33:54.000Z
https://twitter.com/bbcbangla/status/1592425792918937600,Abdullah,https://twitter.com/Abdulla24842717,fjlkdfjsd,2022-11-15T13:33:50.000Z
https://twitter.com/bbcbangla/status/1592425792918937600,itzemon,https://twitter.com/itzemon13,‡¶∏‡¶¨‡¶ö‡ßá‡¶Ø‡¶º‡ßá ‡¶¨‡¶°‡¶º ‡¶ö‡ßã‡¶∞ ‡¶π‡¶æ‡¶∏‡ßÅ ‡¶¶‡¶ø,2022-11-16T01:26:52.000Z
https://twitter.com/bbcbangla/status/1592425792918937600,S.M.Monir Ahmed,https://twitter.com/Monirahmed7,‡¶∏‡¶ø‡¶ô‡ßç‡¶ó‡¶æ‡¶™‡ßÅ‡¶∞ ‡¶•‡ßá‡¶ï‡ßá ‡¶Ü‡¶¨‡¶æ‡¶∞ ‡¶ï‡¶ñ‡¶® ‡¶Ø‡ßá ‡¶∂‡ßç‡¶∞‡ßÄ‡¶≤‡¶ô‡ßç‡¶ï‡¶æ‡¶Ø‡¶º ‡¶¶‡¶ø‡¶ï‡ßá ‡¶ö‡¶≤‡ßá ‡¶è‡¶≤‡¶æ‡¶Æ!!!,2022-11-15T17:11:12.000Z
https://twitter.com/bbcbangla/status/1592425792918937600,akram hossain,https://twitter.com/akramho91360728,‡¶∞‡¶ø‡¶ú‡¶æ‡¶∞‡ßç‡¶≠ ‡¶ï‡ßá‡¶®?‡¶Ø‡ßá ‡¶∏‡¶¨ ‡¶Ü‡¶Ø‡¶º ‡¶π‡¶ö‡ßç‡¶õ‡ßá ‡¶∏‡ßá‡¶ó‡ßÅ‡¶≤‡ßã?,2022-11-15T11:07:53.000Z
https://twitter.com/bbcbangla/status/1592425792918937600,Yasin,https://twitter.com/Yasin54803574,‡¶§‡¶∞ ‡¶ú‡¶æ‡¶Æ‡¶æ‡¶á ‡¶∏‡ßá‡¶ï‡¶Æ‡¶ú‡¶ø‡¶¨‡¶∞‡ßá ‡¶ï‡¶á????,2022-11-15T15:55:44.000Z
https://twitter.com/bbcbangla/status/1592425792918937600,Omar Faruk,https://twitter.com/omar_cwy,‡¶ú‡¶®‡¶ó‡¶£‡ßá‡¶∞ ‡¶∏‡¶æ‡¶•‡ßá ‡¶Ö‡¶®‡ßá‡¶ï ‡¶Æ‡¶ø‡¶•‡ßç‡¶Ø‡¶æ ‡¶ï‡¶•‡¶æ ‡¶¨‡¶≤‡ßá‡¶õ‡ßá‡¶® ‡¶è‡¶á ‡ßß‡ß™ ‡¶¨‡¶õ‡¶∞‡ßá ‡¶™‡ßç‡¶≤‡¶ø‡¶ú ‡¶Ü‡¶∞ ‡¶Æ‡¶ø‡¶•‡ßç‡¶Ø‡¶æ ‡¶ï‡¶•‡¶æ ‡¶¨‡¶á‡¶≤‡ßá‡¶® ‡¶®‡¶æ ‡¶ú‡¶®‡¶ó‡¶£ ‡¶Ü‡¶™‡¶®‡¶æ‡¶ï‡ßá ‡¶ï‡ßç‡¶∑‡¶Æ‡¶æ ‡¶ï‡¶∞‡¶¨‡ßá‡¶®‡¶æ‡•§,2022-11-15T18:54:13.000Z
https://twitter.com/bbcbangla/status/1592425792918937600,mahmudur rahman,https://twitter.com/mahmudu46447880,‡¶è‡¶á‡¶ó‡ßÅ‡¶≤‡¶æ ‡¶ï‡¶ø ‡¶®‡¶§‡ßÅ‡¶® ‡¶ï‡ßá‡¶®‡¶æ ‡¶π‡¶á‡¶§‡ßá‡¶õ‡ßá ‡¶®‡¶æ‡¶ï‡¶ø ‡¶Ü‡¶ó‡ßá‡¶ì ‡¶ï‡ßá‡¶®‡¶æ ‡¶≤‡¶æ‡¶ó‡¶§‡ßã? ‡¶Ø‡¶§‡¶∏‡¶¨ ‡¶¶‡ßÅ‡¶∞‡ßç‡¶¨‡¶≤ ‡¶Ö‡¶Ø‡ßÅ‡¶π‡¶æ‡¶§‡•§,2022-11-15T10:21:36.000Z
https://twitter.com/bbcbangla/status/1592425792918937600,k Ahmed sogir,https://twitter.com/SogirAh88620568,‡¶™‡ßç‡¶∞‡¶ß‡¶æ‡¶®‡¶Æ‡¶®‡ßç‡¶§‡ßç‡¶∞‡ßÄ ‡¶¶‡ßá‡¶∂ ‡¶®‡¶æ‡¶ï‡¶ø ‡¶ñ‡¶æ‡¶¶‡ßç‡¶Ø ‡¶∏‡¶Ø‡¶º‡¶Ç‡¶∏‡¶Æ‡ßç‡¶™‡ßÅ‡¶∞‡ßç‡¶®‡•§ ‡¶¨‡¶æ‡¶ü‡¶™‡¶æ‡¶∞‡¶ø ‡¶Ü‡¶∞ ‡¶ï‡¶§‡ßã ‡¶ï‡¶æ‡¶≤‡•§,2022-11-16T10:46:53.000Z
https://twitter.com/bbcbangla/status/1592425792918937600,Safwan Ahmed,https://twitter.com/SafwanA66480436,‡¶∏‡ßç‡¶¨‡¶Ø‡¶º‡¶Ç‡¶∏‡¶Æ‡ßç‡¶™‡ßÇ‡¶∞‡ßç‡¶£‡¶§‡¶æ‡¶∞ ‡¶ó‡¶æ‡¶≤‡¶ó‡¶™‡ßç‡¶™ ‡¶ï‡ßã‡¶•‡¶æ‡¶Ø‡¶º ‡¶ó‡ßá‡¶≤‡ßã?,2022-11-15T13:37:15.000Z
https://twitter.com/bbcbangla/status/1592425792918937600,M Fakhrul Islam,https://twitter.com/mhlondonipara,Excellent,2022-11-16T03:37:01.000Z
https://twitter.com/bbcbangla/status/1592425792918937600,javed faruk sabbir,https://twitter.com/JavedSabbir,‡¶è ‡¶ü‡¶æ‡¶ï‡¶æ ‡¶∂‡ßá‡¶∑ ‡¶π‡¶¨‡¶æ‡¶∞ ‡¶™‡¶∞ ‡¶ï‡¶ø ‡¶ï‡¶∞‡¶¨‡ßá‡¶® ?,2022-11-16T06:29:35.000Z
https://twitter.com/bbcbangla/status/1592425792918937600,Monir Hossain,https://twitter.com/MonirHo13709568,‡¶Ü‡¶ì‡¶Ø‡¶º‡¶æ‡¶Æ‡ßÄ ‡¶≤‡ßÄ‡¶ó ‡¶¨‡¶æ‡¶Ç‡¶ï ‡¶°‡¶æ‡¶ï ‡¶∂‡ßá‡¶ñ ‡¶π‡¶æ‡¶∏‡¶ø‡¶®‡¶æ,2022-11-17T18:39:46.000Z
https://twitter.com/bbcbangla/status/1592425792918937600,Saleh Bin Abdur Razzak,https://twitter.com/call2saleh,Fine,2022-11-16T00:39:46.000Z
https://twitter.com/bbcbangla/status/1592425792918937600,‡¶Æ‡ßã‡¶É ‡¶ú‡¶ø‡¶π‡¶æ‡¶¶‡ßÅ‡¶≤ ‡¶á‡¶∏‡¶≤‡¶æ‡¶Æ,https://twitter.com/imdjihadul235,‡¶®‡¶ø‡¶ú‡ßá‡¶∞ ‡¶ú‡¶®‡ßç‡¶Ø‡¶ì ‡¶ñ‡¶∞‡¶ö ‡¶ï‡¶∞‡¶§‡ßá ‡¶π‡¶¨‡ßá,2022-11-15T15:22:45.000Z
https://twitter.com/bbcbangla/status/1592425792918937600,‡¶∏‡¶§‡ßç‡¶Ø‡ßá‡¶∞ ‡¶∏‡ßà‡¶®‡¶ø‡¶ï,https://twitter.com/hmsobuj3,‡¶õ‡¶ø‡¶É ‡¶õ‡¶ø‡¶É,2022-11-16T02:18:11.000Z
https://twitter.com/bbcbangla/status/1592425792918937600,Abdullah Ahmed,https://twitter.com/Abdulla32305195,liar . people do not believe you.,2022-11-16T00:03:50.000Z
https://twitter.com/bbcbangla/status/1592425792918937600,Bipu,https://twitter.com/BipuPazi,"‡¶Ü‡¶Æ‡¶æ‡¶∞ ‡¶§‡ßá‡¶≤, ‡¶ó‡¶Æ, ‡¶≠‡ßÅ‡¶ü‡ßç‡¶ü‡¶æ ‡¶ï‡ßã‡¶•‡¶æ‡¶Ø‡¶º? ",2022-11-16T02:31:23.000Z
https://twitter.com/bbcbangla/status/1592425792918937600,MD AJIJ,https://twitter.com/MDAJIJ27253440,‡¶¶‡ßá‡¶∂‡ßá‡¶∞ ‡¶Æ‡¶æ‡¶®‡ßÅ‡¶∑‡¶ï‡ßá ‡¶´‡ßç‡¶∞‡¶ø ‡¶¶‡¶ø‡¶§‡ßá‡¶õ‡ßá ‡¶ï‡ßá‡¶ì,2022-11-18T08:30:56.000Z
https://twitter.com/bbcbangla/status/1592425792918937600,Jahidur Rahman,https://twitter.com/jahidur_rahman1,‡¶§‡ßá‡¶≤ ‡¶§‡ßã ‡¶Ü‡¶Æ‡¶¶‡¶æ‡¶®‡ßÄ ‡¶ï‡¶∞‡¶æ ‡¶≤‡¶æ‡¶ó‡ßá ‡¶®‡¶æ ,2022-11-15T16:41:14.000Z
https://twitter.com/bbcbangla/status/1592425792918937600,Sydul Islam,https://twitter.com/SydulIs02394481,‡¶ì ‡¶§‡¶æ‡¶á,2022-11-17T12:11:26.000Z
https://twitter.com/bbcbangla/status/1592425792918937600,NightyKnight NFT,https://twitter.com/NightyKnightNFT,@Curtisforlinft,2022-11-15T17:32:42.000Z
https://twitter.com/bbcbangla/status/1592425792918937600,Md Rafikul Islam,https://twitter.com/MdRafik71064751,‡¶ú‡¶Ø‡¶º‡¶ï‡ßá ‡¶Ø‡¶æ ‡¶¶‡¶ø‡¶õ‡ßá‡¶® ‡¶§‡¶æ‡¶∞ ‡¶Ö‡¶∞‡ßç‡¶ß‡ßá‡¶ï ‡¶ú‡¶®‡¶ó‡¶®‡¶ï‡ßá ‡¶¶‡ßá‡¶® ‡¶ï‡¶ø‡¶õ‡ßÅ‡¶á ‡¶•‡¶æ‡¶ï‡¶¨‡ßá ‡¶®‡¶æ,2022-11-15T15:10:20.000Z
https://twitter.com/bbcbangla/status/1592425792918937600,Fakhrul Alam Chowdhury,https://twitter.com/FakhrulAlamCho4,‡¶π‡¶æ‡¶á‡¶∞‡ßá ‡¶Æ‡¶ø‡¶•‡ßç‡¶Ø‡¶æ‡¶ö‡¶æ‡¶∞! ‡¶è‡¶∏‡¶¨‡ßá‡¶∞ ‡¶¨‡¶ø‡¶ö‡¶æ‡¶∞ ‡¶è‡¶ñ‡¶æ‡¶®‡ßá ‡¶®‡¶æ‡¶π‡¶≤‡ßá ‡¶™‡¶∞‡¶ï‡¶æ‡¶≤‡ßá‡¶∞ ‡¶ú‡¶®‡ßç‡¶Ø ‡¶®‡¶ø‡¶∞‡ßç‡¶ß‡¶æ‡¶∞‡¶ø‡¶§ ‡¶•‡¶æ‡¶ï‡¶¨‡ßá‡•§,2022-11-15T11:51:19.000Z
https://twitter.com/bbcbangla/status/1592425792918937600,Anu Mostafa,https://twitter.com/anumostafa,"‡¶§‡¶æ‚Äô‡¶π‡¶≤‡ßá ‡¶Ü‡¶ó‡ßá ‡¶ï‡¶ø ‡¶¨‡¶æ‡¶Ç‡¶≤‡¶æ‡¶¶‡ßá‡¶∂‡ßá ‡¶§‡ßá‡¶≤‡ßá‡¶∞ ‡¶ñ‡¶®‡¶ø ‡¶õ‡¶ø‡¶≤‡•§ ‡¶ñ‡¶®‡¶ø ‡¶•‡ßá‡¶ï‡ßá ‡¶§‡ßÅ‡¶≤‡ßá  ‡¶∏‡¶∞‡¶¨‡¶∞‡¶æ‡¶π ‡¶ï‡¶∞‡¶æ ‡¶π‡¶§‡ßã? ‡¶è‡¶ñ‡¶® ‡¶®‡ßá‡¶á ‡¶§‡¶æ‡¶á ‡¶ï‡¶ø‡¶®‡¶§‡ßá ‡¶π‡¶ö‡ßç‡¶õ‡ßá? ‡¶ó‡ßç‡¶Ø‡¶æ‡¶∏‡ßá‡¶∞ ‡¶Ø‡ßá ‡¶Ö‡¶™‡¶¨‡ßç‡¶Ø‡¶¨‡¶π‡¶æ‡¶∞ ‡¶¨‡¶æ‡¶Ç‡¶≤‡¶æ‡¶¶‡ßá‡¶∂‡ßá ‡¶π‡¶Ø‡¶º, ‡¶§‡¶æ‡¶§‡ßá ‡¶¨‡¶ø‡¶™‡ßÅ‡¶≤ ‡¶ó‡ßç‡¶Ø‡¶æ‡¶∏ ‡¶•‡¶æ‡¶ï‡¶æ‡¶∞ ‡¶™‡¶∞‡¶ì ‡¶ï‡¶ø‡¶®‡¶§‡ßá ‡¶π‡¶¨‡ßá‡•§ ‡¶ñ‡¶æ‡¶¶‡ßç‡¶Ø ‡¶â‡ßé‡¶™‡¶æ‡¶¶‡¶® ‡¶ï‡¶Æ‡ßá‡¶®‡¶ø‡•§ ‡¶¨‡¶∞‡¶Ç ‡¶ñ‡¶æ‡¶¶‡ßç‡¶Ø ‡¶Ü‡¶Æ‡¶¶‡¶æ‡¶®‡¶ø ‡¶¨‡ßç‡¶Ø‡¶¨‡¶∏‡¶æ‡¶∞ ‡¶∏‡ßÅ‡¶Ø‡ßã‡¶ó ‡¶ï‡¶∞‡ßá ‡¶¶‡ßá‡¶ì‡¶Ø‡¶º‡¶æ ‡¶π‡¶Ø‡¶º‡ßá‡¶õ‡ßá‡•§",2022-11-15T11:14:18.000Z
https://twitter.com/bbcbangla/status/1592425792918937600,rasel mahmud,https://twitter.com/raselma23591991,‡¶ö‡ßÅ‡¶∞‡¶ø ‡¶ï‡¶∞‡ßá ‡¶∏‡¶¨ ‡¶ü‡¶æ‡¶ï‡¶æ ‡¶¨‡¶ø‡¶¶‡ßá‡¶∂ ‡¶™‡¶æ‡¶ö‡¶æ‡¶∞ ‡¶ï‡¶∞‡¶≤‡ßá ‡¶è‡¶Æ‡¶®‡¶á ‡¶π‡¶Ø‡¶º,2022-11-15T17:15:29.000Z
https://twitter.com/bbcbangla/status/1592425792918937600,Chowdhury Raziu,https://twitter.com/RaziuChowdhury,‡¶¨‡ßÅ‡¶ü‡¶ö‡ßÅ‡¶∞ ‡¶∞‡¶ø‡¶ú‡¶æ‡¶¨ ‡¶ö‡ßã‡¶∞ ‡¶¶‡ßá‡¶∂‡¶ï‡ßá ‡¶≤‡ßÅ‡¶ü‡¶ø‡¶Ø‡¶º‡ßá ‡¶™‡ßÅ‡¶ü‡¶ø‡¶Ø‡¶º‡ßá ‡¶ñ‡ßá‡¶Ø‡¶º‡ßá ‡¶®‡¶ø‡¶ö‡ßç‡¶õ‡ßá‡•§,2022-11-15T23:49:29.000Z
https://twitter.com/bbcbangla/status/1592425792918937600,‡¶Ü‡¶≤‡ßã,https://twitter.com/N3ierEu0HwwEFoF,"‡¶ü‡¶æ‡¶ï‡¶æ ‡¶¶‡ßá‡¶∂‡ßá‡¶∞ ‡¶Æ‡¶æ‡¶®‡ßÅ‡¶∑‡ßá‡¶∞ ‡¶ú‡¶®‡ßç‡¶Ø ‡¶®‡¶æ ‡¶è‡¶ñ‡¶® ‡¶≠‡ßã‡¶ü ‡¶ö‡ßÅ‡¶∞‡¶ø ‡¶ï‡¶∞‡¶¨‡ßá‡¶® ‡¶∏‡ßá ‡¶ï‡ßç‡¶Ø‡¶æ‡¶∏ ‡¶ü‡¶æ‡¶® ‡¶™‡¶∞‡¶õ‡ßá ‡¶§‡¶æ‡¶á ‡¶Æ‡¶∞‡¶ø‡¶Ø‡¶º‡¶æ ‡¶π‡¶á‡¶Ø‡¶º‡¶æ ‡¶â‡¶†‡¶õ‡ßá‡¶®,‡¶Ü‡¶™‡¶®‡ßá‡¶∞ ‡¶¨‡¶æ‡¶™ ‡¶∏‡ßç‡¶¨‡¶æ‡¶Æ‡ßÄ ‡¶§‡ßã ‡¶ï‡ßç‡¶Ø‡¶æ‡¶∏ ‡¶∞‡ßá‡¶ñ‡ßá ‡¶Ø‡¶æ‡¶Ø‡¶º ‡¶®‡¶æ‡¶á,‡¶≠‡ßã‡¶ü ‡¶ö‡ßÅ‡¶∞‡¶ø ‡¶ï‡¶∞‡¶§‡ßá ‡¶ï‡ßç‡¶Ø‡¶æ‡¶∏ ‡¶™‡¶æ‡¶¨‡ßá‡¶® ‡¶ï‡¶á ‡¶¶‡ßá‡¶∂‡ßá‡¶∞ ‡¶ü‡¶æ‡¶ï‡¶æ ‡¶¶‡¶ø‡¶Ø‡¶º‡¶æ ‡¶¶‡ßá‡¶∂‡¶∞‡ßá ‡¶¨‡¶æ‡¶Å‡¶∂‡¶¶‡¶ø‡¶¨‡ßá‡¶®,‡¶è‡¶ü‡¶æ ‡¶∏‡¶æ‡¶ß‡¶æ‡¶∞‡¶® ‡¶Æ‡¶æ‡¶®‡¶∑‡ßá‡¶∞ ‡¶Ü‡¶á‡¶ì‡¶Ø‡¶º‡¶æ‡¶∏ ‡¶ö‡¶æ‡¶â‡¶≤ ‡¶°‡¶æ‡¶≤ ‡¶ï‡¶®‡¶°‡¶Æ ‡¶∏‡¶¨ ‡¶Ü‡¶®‡¶§‡ßá ‡¶π‡¶¨‡ßá,‡¶ñ‡¶æ‡¶¶‡ßç‡¶Ø‡ßá‡¶∞ ‡¶∏‡ßç‡¶¨‡¶Ø‡¶º‡¶Ç‡¶∏‡¶Æ‡ßç‡¶™‡ßÇ‡¶∞‡ßç‡¶£ ‡¶¨‡¶æ‡¶Ç‡¶≤‡¶æ‡¶¶‡ßá‡¶∂ ‡¶§‡¶æ ‡¶π‡¶≤‡ßá",2022-11-15T18:41:40.000Z
https://twitter.com/bbcbangla/status/1592425792918937600,Repon Ali,https://twitter.com/ReponAli18,‡¶Ü‡¶™‡¶®‡¶æ‡¶∞‡¶æ ‡¶§‡ßã ‡¶¨‡¶≤‡ßá‡¶õ‡¶ø‡¶≤‡ßá‡¶® ‡¶¨‡¶æ‡¶Ç‡¶≤‡¶æ‡¶¶‡ßá‡¶∂‡ßá‡¶∞ ‡¶ñ‡¶æ‡¶¶‡ßá ‡¶∏‡¶Ø‡¶º‡¶Ç‡¶∂ ‡¶™‡ßÇ‡¶∞‡ßç‡¶£‡•§‡¶ï‡ßá‡¶â ‡¶®‡¶æ ‡¶ñ‡ßá‡¶Ø‡¶º‡ßá ‡¶•‡¶æ‡¶ï‡¶¨‡ßá‡¶®‡¶æ‡•§‡¶Ü‡¶ú ‡¶Ü‡¶¨‡¶æ‡¶∞ ‡¶è‡¶á ‡¶Ö‡¶ú‡ßÅ‡¶π‡¶æ‡¶§ ‡¶ï‡ßá‡¶®‡•§,2022-11-16T00:52:09.000Z
https://twitter.com/bbcbangla/status/1592425792918937600,Md Akash Akash,https://twitter.com/MdAkash61989339,Bancod er Moto kta ETA ki Manus kea free disse nki,2022-11-16T14:33:20.000Z
https://twitter.com/bbcbangla/status/1592425792918937600,Zul Afros Mozumder,https://twitter.com/Afros1980,‡¶è‡¶á ‡¶∏‡¶¨ ‡¶ï‡¶•‡¶æ ‡¶è‡¶ñ‡¶® ‡¶ï‡ßá‡¶® ‡¶¨‡¶≤‡ßá? ‡¶¨‡¶ø‡¶ó‡¶§ ‡ßß ‡¶¨‡¶õ‡¶∞ ‡¶Ü‡¶ó‡ßá ‡¶¨‡¶≤‡ßá‡¶õ‡ßá ‡¶Ü‡¶Æ‡¶æ‡¶∞‡¶æ ‡¶∏‡¶ø‡¶ô‡ßç‡¶ó‡¶æ‡¶™‡ßÅ‡¶∞ ‡¶π‡¶Ø‡¶º‡ßá ‡¶ó‡¶ø‡¶Ø‡¶º‡ßá‡¶õ‡¶ø‡•§ ‡¶Ü‡¶Æ‡¶æ‡¶∞ ‡¶∞‡¶ø‡¶ú‡¶æ‡¶∞‡ßç‡¶≠ ‡¶¶‡¶ø‡¶®‡ßá ‡¶¶‡¶ø‡¶®‡ßá ‡¶Ü‡¶ï‡¶æ‡¶∂‡ßá ‡¶â‡¶†‡ßá ‡¶Ø‡¶æ‡¶¨‡ßá‡•§ ‡¶Æ‡ßÇ‡¶≤ ‡¶ï‡¶•‡¶æ ‡¶π‡¶≤‡ßã ‡¶∏‡¶¨ ‡¶ü‡¶æ‡¶ï‡¶æ ‡¶™‡¶æ‡¶ö‡¶æ‡¶∞ ‡¶ï‡¶∞‡ßá ‡¶¶‡¶ø‡¶Ø‡¶º‡ßá‡¶õ‡ßá‡•§,2022-11-15T15:30:28.000Z
https://twitter.com/bbcbangla/status/1592425792918937600,Mahmud Eqbal,https://twitter.com/Mahmud_Eqbal,"‡¶ñ‡¶æ‡¶¶‡ßç‡¶Ø‡ßá ‡¶∏‡ßç‡¶¨‡¶Ø‡¶º‡¶Ç‡¶∏‡¶Æ‡ßç‡¶™‡ßÇ‡¶∞‡ßç‡¶£ ‡¶¨‡¶≤‡ßá ‡¶¨‡¶≤‡ßá ‡¶ö‡¶ø‡¶≤‡ßç‡¶≤‡¶æ‡¶®‡ßã‡¶∞ ‡¶™‡¶∞‡ßá‡¶ì ‡¶∏‡¶¨‡¶á ‡¶ï‡¶ø‡¶®‡¶§‡ßá ‡¶π‡¶ö‡ßç‡¶õ‡ßá!?  ‡¶§‡¶æ‡¶π‡¶≤‡ßá ‡¶∏‡ßç‡¶¨‡¶Ø‡¶º‡¶Ç‡¶∏‡¶Æ‡ßç‡¶™‡ßÇ‡¶∞‡ßç‡¶£ ‡¶ï‡¶ø‡¶≠‡¶æ‡¶¨‡ßá ‡¶¨‡¶≤‡¶§‡ßá‡¶® ‡¶è‡¶§‡ßã‡¶¶‡¶ø‡¶®? ‡¶Ü‡¶∞ ‡¶π‡¶æ‡¶ú‡¶æ‡¶∞ ‡¶π‡¶æ‡¶ú‡¶æ‡¶∞ ‡¶ï‡ßã‡¶ü‡¶ø ‡¶ü‡¶æ‡¶ï‡¶æ ‡¶Ø‡ßá ‡¶™‡¶æ‡¶ö‡¶æ‡¶∞ ‡¶π‡¶Ø‡¶º‡ßá‡¶õ‡ßá ‡¶∏‡ßç‡¶¨‡¶Ø‡¶º‡¶Ç ‡¶Ö‡¶∞‡ßç‡¶•‡¶Æ‡¶®‡ßç‡¶§‡ßç‡¶∞‡ßÄ ‡¶¨‡¶≤‡ßá‡¶õ‡ßá, ‡¶∏‡ßá‡¶á ‡¶ü‡¶æ‡¶ï‡¶æ ‡¶ï‡¶ø ‡¶Ü‡¶®‡¶§‡ßá ‡¶™‡ßá‡¶∞‡ßá‡¶õ‡ßá‡¶®? ‡¶®‡¶æ‡¶ï‡¶ø ‡¶¨‡ßá‡¶ó‡¶Æ ‡¶™‡¶æ‡¶°‡¶º‡¶æ‡¶Ø‡¶º ‡¶™‡¶æ‡¶ö‡¶æ‡¶∞ ‡¶Ø‡ßã‡¶ó‡ßç‡¶Ø ‡¶∏‡¶æ‡¶∞‡ßç‡¶ü‡¶ø‡¶´‡¶ø‡¶ï‡ßá‡¶ü ‡¶¶‡¶ø‡¶Ø‡¶º‡ßá ‡¶¶‡¶ø‡¶Ø‡¶º‡ßá‡¶õ‡ßá‡¶®?  ‡¶≤‡¶ú‡ßç‡¶ú‡¶æ‡¶ú‡¶®‡¶ï ‡¶ò‡¶ü‡¶®‡¶æ!!",2022-11-15T13:36:52.000Z
https://twitter.com/bbcbangla/status/1592425792918937600,nargis,https://twitter.com/nargis11078637,"‡¶¶‡ßÇ‡¶∞‡ßç‡¶≠‡ßÄ‡¶ï‡ßç‡¶∑ ‡¶Ü‡¶õ‡ßá; ‡¶¶‡ßÇ‡¶∞‡ßç‡¶≠‡ßÄ‡¶ï‡ßç‡¶∑ ‡¶®‡¶æ‡¶á‡•§ ‡¶∞‡¶ø‡¶ú‡¶æ‡¶∞‡ßç‡¶≠  ‡¶Ü‡¶õ‡ßá; ‡¶°‡¶≤‡¶æ‡¶∞ ‡¶®‡¶æ‡¶á‡•§ ‡¶ü‡¶æ‡¶ï‡¶æ ‡¶¨‡¶ø‡¶¨‡¶ø‡¶§‡ßá ‡¶Ü‡¶õ‡ßá; ‡¶¨‡ßç‡¶Ø‡¶æ‡¶Ç‡¶ï‡ßá ‡¶®‡¶æ‡¶á‡•§ ‡¶¶‡ßá‡¶∂‡ßá ‡¶ñ‡¶æ‡¶¶‡ßç‡¶Ø ‡¶Ü‡¶õ‡ßá; ‡¶¨‡¶æ‡¶ú‡¶æ‡¶∞‡ßá ‡¶ñ‡¶æ‡¶¶‡ßç‡¶Ø ‡¶®‡¶æ‡¶á‡•§ ‡¶∞‡¶æ‡¶§‡ßá ‡¶≠‡ßã‡¶ü ‡¶Ü‡¶õ‡ßá; ‡¶¶‡¶ø‡¶®‡ßá ‡¶≠‡ßã‡¶ü ‡¶®‡¶æ‡¶á‡•§ ‡¶∏‡¶æ‡¶Æ‡¶ø‡¶ü ‡¶Ü‡¶õ‡ßá, ‡¶´‡¶æ‡¶∞‡ßÅ‡¶ï ‡¶ñ‡¶æ‡¶® ‡¶Ü‡¶õ‡ßá, ‡¶Ü‡¶ú‡¶Æ ‡¶ñ‡¶æ‡¶® ‡¶Ü‡¶õ‡ßá; ‡¶¨‡¶ø‡¶¶‡ßç‡¶Ø‡ßÅ‡ßé ‡¶®‡¶æ‡¶á‡•§.......‡¶¨‡ßç‡¶≤‡¶æ‡¶¨‡ßç‡¶≤‡¶æ‡¶¨‡ßç‡¶≤‡¶æ
‡¶Ü‡¶™‡¶®‡¶ø ‡¶ï‡¶ø ‡¶¨‡¶ø‡¶∂‡ßç‡¶¨‡¶∏‡ßç‡¶§‡¶§‡¶æ ‡¶π‡¶∞‡¶ø‡¶Ø‡¶º‡ßá‡¶õ‡ßá‡¶®?  Step Down! 
@IMFNews
@WorldBank",2022-11-15T16:01:15.000Z
https://twitter.com/bbcbangla/status/1592425792918937600,faruque_du,https://twitter.com/faruque990,"‡¶¶‡ßÇ‡¶∞‡ßç‡¶≠‡ßÄ‡¶ï‡ßç‡¶∑ ‡¶Ü‡¶õ‡ßá; ‡¶¶‡ßÇ‡¶∞‡ßç‡¶≠‡ßÄ‡¶ï‡ßç‡¶∑ ‡¶®‡¶æ‡¶á‡•§ ‡¶∞‡¶ø‡¶ú‡¶æ‡¶∞‡ßç‡¶≠  ‡¶Ü‡¶õ‡ßá; ‡¶°‡¶≤‡¶æ‡¶∞ ‡¶®‡¶æ‡¶á‡•§ ‡¶ü‡¶æ‡¶ï‡¶æ ‡¶¨‡¶ø‡¶¨‡¶ø‡¶§‡ßá ‡¶Ü‡¶õ‡ßá; ‡¶¨‡ßç‡¶Ø‡¶æ‡¶Ç‡¶ï‡ßá ‡¶®‡¶æ‡¶á‡•§ ‡¶¶‡ßá‡¶∂‡ßá ‡¶ñ‡¶æ‡¶¶‡ßç‡¶Ø ‡¶Ü‡¶õ‡ßá; ‡¶¨‡¶æ‡¶ú‡¶æ‡¶∞‡ßá ‡¶ñ‡¶æ‡¶¶‡ßç‡¶Ø ‡¶®‡¶æ‡¶á‡•§ ‡¶∞‡¶æ‡¶§‡ßá ‡¶≠‡ßã‡¶ü ‡¶Ü‡¶õ‡ßá; ‡¶¶‡¶ø‡¶®‡ßá ‡¶≠‡ßã‡¶ü ‡¶®‡¶æ‡¶á‡•§ ‡¶∏‡¶æ‡¶Æ‡¶ø‡¶ü ‡¶Ü‡¶õ‡ßá, ‡¶´‡¶æ‡¶∞‡ßÅ‡¶ï ‡¶ñ‡¶æ‡¶® ‡¶Ü‡¶õ‡ßá, ‡¶Ü‡¶ú‡¶Æ ‡¶ñ‡¶æ‡¶® ‡¶Ü‡¶õ‡ßá; ‡¶¨‡¶ø‡¶¶‡ßç‡¶Ø‡ßÅ‡ßé ‡¶®‡¶æ‡¶á‡•§.......‡¶¨‡ßç‡¶≤‡¶æ‡¶¨‡ßç‡¶≤‡¶æ‡¶¨‡ßç‡¶≤‡¶æ
‡¶Ü‡¶™‡¶®‡¶ø ‡¶ï‡¶ø ‡¶¨‡¶ø‡¶∂‡ßç‡¶¨‡¶∏‡ßç‡¶§‡¶§‡¶æ ‡¶π‡¶∞‡¶ø‡¶Ø‡¶º‡ßá‡¶õ‡ßá‡¶®?  Step Down! 
@IMFNews
@WorldBank",2022-11-16T00:05:55.000Z
https://twitter.com/bbcbangla/status/1592425792918937600,AMM Zowadul Karim Khan,https://twitter.com/ZowadKhan,"‡¶è‡¶§ ‡¶ï‡¶ø‡¶õ‡ßÅ ‡¶ï‡¶ø‡¶®‡¶§‡ßá ‡¶π‡¶ö‡ßç‡¶õ‡ßá, ‡¶§‡¶æ‡¶π‡¶≤‡ßá ‡¶â‡¶®‡ßç‡¶®‡¶Ø‡¶º‡¶®‡¶ü‡¶æ ‡¶ï‡ßã‡¶•‡¶æ‡¶Ø‡¶º ‡¶π‡¶≤? ‡¶Ü‡¶∞ ‡¶ï‡ßÉ‡¶∑‡¶ø‡¶∞ ‡¶≠‡¶ø‡¶§‡ßç‡¶§‡¶ø ‡¶ß‡ßç‡¶¨‡¶Ç‡¶∏ ‡¶ï‡¶∞‡ßá ‡¶≤‡¶æ‡¶≠ ‡¶π‡¶≤?",2022-11-15T10:21:03.000Z
https://twitter.com/bbcbangla/status/1592425792918937600,safe Life Technology,https://twitter.com/safeLifeTechno3,"best water heater geyser in Bangladesh 
https://youtube.com/shorts/0O2YLDtxByQ?feature=share‚Ä¶ #GeyserService #geyserinstallationservice #geyserrepair",2022-11-16T06:17:04.000Z
https://twitter.com/bbcbangla/status/1592425792918937600,Khaled Chowdhury,https://twitter.com/khaledchow1,Mafia Hasina and her gang stolen everything from poor people of Bangladesh,2022-11-15T13:28:31.000Z
https://twitter.com/bbcbangla/status/1592425792918937600,Mizanul Khan,https://twitter.com/MizanulKhan,‡¶¨‡¶æ‡¶Ç‡¶≤‡¶æ‡¶¶‡ßá‡¶∂ ‡¶®‡¶æ‡¶ï‡¶ø ‡¶ñ‡¶æ‡¶¶‡ßç‡¶Ø ‡¶∏‡ßç‡¶¨‡¶Ø‡¶º‡¶Ç‡¶∏‡¶Æ‡ßç‡¶™‡ßÇ‡¶∞‡ßç‡¶®! ‡¶è‡¶á ‡¶≤‡ßÅ‡¶ü‡ßá‡¶∞‡¶æ ‡¶∞‡¶æ ‡¶∏‡¶¨ ‡¶≤‡ßÅ‡¶ü ‡¶ï‡¶∞‡ßá ‡¶è‡¶ñ‡¶® ‡¶∞‡¶ø‡¶ú‡¶æ‡¶∞‡ßç‡¶≠ ‡¶ß‡¶∞‡ßá‡¶õ‡ßá.,2022-11-16T04:04:22.000Z
https://twitter.com/bbcbangla/status/1592425792918937600,Tangin Yean,https://twitter.com/Syed_tangin,She is one of the biggest liar  in the world.,2022-11-16T07:17:26.000Z
https://twitter.com/bbcbangla/status/1592425792918937600,‡¶ó‡ßÅ‡¶¶ Luvr,https://twitter.com/BFamous4,‡¶á‡¶¶‡¶æ‡¶®‡¶ø‡¶Ç ‡¶ï‡¶æ‡¶≤‡ßá‡¶∞ ‡¶∏‡¶ï‡¶≤ ‡¶¨‡¶ï‡ßç‡¶§‡¶¨‡ßç‡¶Ø‡ßá ‡¶â‡¶®‡¶æ‡¶ï‡ßá ‡¶ö‡¶ø‡¶®‡ßç‡¶§‡¶ø‡¶§ ‡¶Æ‡¶®‡ßá ‡¶π‡¶ö‡ßç‡¶õ‡ßá!,2022-11-15T18:51:33.000Z
https://twitter.com/bbcbangla/status/1592425792918937600,Md Arifour Rahman,https://twitter.com/MdArifour,‡¶ü‡¶æ‡¶ï‡¶æ‡¶á‡¶§‡ßã ‡¶®‡¶æ‡¶á ‡¶Ü‡¶Æ‡¶æ‡¶∞ ‡¶ï‡¶æ‡¶õ‡ßá,2022-11-15T16:49:37.000Z
https://twitter.com/bbcbangla/status/1592425792918937600,Tutul,https://twitter.com/Tutul34439359,"‡¶Ø‡¶¶‡¶ø ‡¶∏‡¶¨‡¶á ‡¶ï‡ßá‡¶®‡¶æ ‡¶≤‡¶æ‡¶ó‡ßá ‡¶§‡¶¨‡ßá ‡¶â‡¶§‡ßç‡¶™‡¶æ‡¶¶‡¶® ‡¶ï‡¶ø ‡¶π‡¶ö‡ßç‡¶õ‡ßá??? ‡¶ï‡ßÉ‡¶∑‡¶ï‡¶¶‡ßá‡¶∞ ‡¶¨‡¶æ‡¶ö‡¶æ‡¶® ‡¶¶‡ßá‡¶∂ ‡¶¨‡¶æ‡¶Å‡¶ö‡¶¨‡ßá ‡•§ ‡¶∏‡¶æ‡¶∞‡ßá‡¶∞ ‡¶¶‡¶æ‡¶Æ ‡¶¨‡ßá‡¶∂‡ßÄ, ‡¶¨‡¶ø‡¶¶‡ßç‡¶Ø‡ßÅ‡¶§‡ßá‡¶∞ ‡¶¶‡¶æ‡¶Æ ‡¶¨‡ßá‡¶∂‡ßÄ, ‡¶§‡ßá‡¶≤‡ßá‡¶∞ ‡¶¶‡¶æ‡¶Æ ‡¶¨‡ßá‡¶∂‡ßÄ, ‡¶Ü‡¶∞ ‡¶´‡¶∏‡¶≤ ‡¶¨‡¶ø‡¶ï‡ßç‡¶∞‡¶ø ‡¶ï‡¶∞‡¶§‡ßá ‡¶ó‡ßá‡¶≤‡ßá ‡¶¶‡¶æ‡¶Æ ‡¶ï‡¶Æ,, ‡¶§‡ßã ‡¶Ü‡¶Æ‡¶¶‡¶æ‡¶®‡¶ø ‡¶ï‡¶∞‡¶§‡ßá ‡¶π‡¶¨‡ßá ‡¶§‡ßã ‡¶ï‡¶ø ‡¶ï‡¶∞‡¶¨‡ßá‡¶®  ‡•§",2022-11-16T09:28:32.000Z
https://twitter.com/bbcbangla/status/1592425792918937600,ABUL KAMRUZZAMAN,https://twitter.com/ABULKAMRUZZAMA1,"‡¶≠‡ßã‡¶ü ‡¶ö‡ßÅ‡¶∞‡¶ø ‡¶ï‡¶∞‡ßá ‡¶ï‡ßç‡¶∑‡¶Æ‡¶§‡¶æ ‡¶ß‡¶ñ‡¶≤ ‡¶ï‡¶∞‡ßá, ‡¶è‡¶ñ‡¶® ‡¶∞‡¶ø‡¶ú‡¶æ‡¶∞‡ßç‡¶≠ ‡¶•‡ßá‡¶ï‡ßá ‡¶ü‡¶æ‡¶ï‡¶æ ‡¶ö‡ßÅ‡¶∞‡¶ø ‡¶ï‡¶∞‡¶õ‡ßá‡•§",2022-11-16T00:38:52.000Z
https://twitter.com/bbcbangla/status/1592425792918937600,Md Mamun,https://twitter.com/MdMamun05703712,"‡¶∂‡ßá‡¶Ø‡¶º‡¶æ‡¶∞ ‡¶¨‡¶æ‡¶ú‡¶æ‡¶∞‡ßá‡¶∞ ‡¶ü‡¶æ‡¶ï‡¶æ ‡¶ó‡ßá‡¶≤‡ßã ‡¶ï‡¶á? ‡¶ï‡ßÅ‡¶á‡¶®‡ßç‡¶ü‡¶æ‡¶≤ ‡¶¨‡¶ø‡¶¶‡ßç‡¶Ø‡ßÅ‡ßé ‡¶è‡¶∞ ‡¶ü‡¶æ‡¶ï‡¶æ ‡¶ó‡ßá‡¶≤‡ßã ‡¶ï‡¶á‡•§ ‡¶¨‡¶ø‡¶¶‡ßÅ‡ßé ‡¶â‡ßé‡¶™‡¶æ‡¶¶‡¶® ‡¶Ü‡¶∞ ‡¶Ü‡¶Æ‡¶¶‡¶æ‡¶®‡¶ø ‡¶ó‡ßá‡¶≤‡ßã ‡¶ï‡¶á? ‡¶è‡¶ñ‡¶® ‡¶Ø‡¶ñ‡¶® ‡¶ü‡¶æ‡¶ï‡¶æ ‡¶ö‡ßÅ‡¶∞‡¶ø, ‡¶¶‡ßÅ‡¶∞‡ßç‡¶®‡ßÄ‡¶§‡¶ø ‡¶ö‡¶æ‡¶™‡¶æ‡¶¨‡¶æ‡¶ú‡ßÄ ‡¶Ü‡¶∞ ‡¶Æ‡¶ø‡¶•‡ßç‡¶Ø‡¶æ ‡¶ï‡¶•‡¶æ‡¶Ø‡¶º ‡¶ß‡¶∞‡¶æ ‡¶ñ‡ßá‡¶Ø‡¶º‡ßá ‡¶ó‡ßá‡¶õ‡ßá ‡¶§‡¶ñ‡¶® ‡¶∞‡¶æ‡¶ó‡ßá ‡¶ñ‡ßã‡¶≠‡ßá ‡¶è‡¶∏‡¶¨ ‡¶¨‡¶ï‡¶¨‡¶ï ‡¶∂‡ßÅ‡¶∞‡ßÅ ‡¶ï‡¶∞‡¶õ‡ßá‡•§",2022-11-16T07:14:46.000Z
https://twitter.com/bbcbangla/status/1592063592421298176,SIDDIK RAHMAN,https://twitter.com/SIDDIKR32058426,"‡¶∞‡¶æ‡¶∂‡¶ø‡¶Ø‡¶º‡¶æ ‡¶™‡ßç‡¶∞‡ßá‡¶∏‡¶ø‡¶°‡ßá‡¶®‡ßç‡¶ü ‡¶Ø‡¶¶‡¶ø ‡¶Ü‡¶Æ‡¶ø ‡¶π‡ßã‡¶§‡¶æ‡¶Æ‡•§
‡¶§‡¶æ‡¶π‡¶≤‡ßá ‡¶è‡¶ï‡¶ü‡¶æ ‡¶≤‡¶æ‡¶≤ ‡¶™‡¶æ‡¶á ‡¶ì ‡¶Ü‡¶Æ‡¶ø ‡¶ú‡¶∞‡¶ø‡¶™‡¶æ‡¶®‡¶æ‡•§
‡¶â‡¶ï‡ßá‡¶∞‡ßá‡¶® ‡¶ï‡ßá ‡¶¶‡¶ø‡¶§‡¶æ‡¶Æ‡¶®‡¶æ‡•§ ‡¶Ü‡¶∞ ‡¶è‡¶á ‡¶ú‡¶æ‡¶§‡¶ø‡¶∏‡¶Ç‡¶ò ‡¶ï‡ßá 
‡¶Ü‡¶Æ‡¶ø ‡¶Æ‡¶æ‡¶®‡¶§‡¶æ‡¶Æ‡¶®‡¶æ‡•§ ‡¶Ü‡¶Æ‡¶ø ‡¶®‡¶§‡ßÅ‡¶® ‡¶ú‡¶æ‡¶§‡¶ø‡¶∏‡¶Ç‡¶ò ‡¶¨‡¶æ‡¶®‡¶æ‡¶§‡¶æ‡¶Æ‡•§
‡¶§‡¶æ‡¶∞‡¶™‡¶∞‡•§ ‡¶™‡¶∂‡¶ö‡¶ø‡¶Æ‡¶æ‡¶¶‡ßá‡¶∞ ‡¶ú‡¶∞‡¶ø‡¶™‡¶æ‡¶®‡¶æ ‡¶ï‡¶∞‡¶§‡¶æ‡¶Æ‡•§
‡¶´‡¶ø‡¶≤‡¶ø‡¶∏‡ßç‡¶§‡¶ø‡¶®  ‡¶á‡¶∞‡¶æ‡¶ï ‡¶Ü‡¶´‡¶ó‡¶æ‡¶®‡¶ø‡¶∏‡ßç‡¶§‡¶æ‡¶® ‡¶≤‡¶ø‡¶¨‡¶ø‡¶Ø‡¶º‡¶æ‡•§
‡¶è‡¶¶‡ßá‡¶∞ ‡¶â‡¶™‡¶∞ ‡¶Ü‡¶Æ‡ßá‡¶∞‡¶ø‡¶ï‡¶æ ‡¶ì ‡¶™‡¶∂‡ßç‡¶ö‡¶ø‡¶Æ‡¶æ‡¶∞‡¶æ ‡¶ú‡ßá ‡¶¨‡¶∞‡¶¨‡¶∞
‡¶π‡¶æ‡¶Æ‡¶≤‡¶æ ‡¶®‡¶ø‡¶∞‡¶ú‡¶æ‡¶§‡¶® ‡¶ï‡¶∞‡¶õ‡ßá‡•§ ‡¶è‡¶ñ‡¶®‡¶ì ‡¶ï‡¶∞‡¶§",2022-11-15T13:51:44.000Z
https://twitter.com/bbcbangla/status/1591989646858375168,Subir Joy,https://twitter.com/subir_joy,Very nice family ,2022-11-14T10:12:50.000Z
https://twitter.com/bbcbangla/status/1591981584286371840,SHAHADAT HOSSAIN,https://twitter.com/SHAHADA16004618,"All over world dollars weaken against BTC,yuan,yen but In BD dollars stringers like giant",2022-11-14T07:03:42.000Z
https://twitter.com/bbcbangla/status/1591981584286371840,Alam khan,https://twitter.com/JaneAla08303948,"Our reserve is now in a wretched conditions. Because, import payments are higher than export income and remittance inflow. Our economy is brindled with several corruption.",2022-11-14T08:54:59.000Z
https://twitter.com/bbcbangla/status/1591981584286371840,MD Mehedi Hassan,https://twitter.com/Mehedi_1st,They shouldn't give money to Bangladesh ,2022-11-14T04:49:52.000Z
https://twitter.com/bbcbangla/status/1591758905578856448,Syed Najmul Hussain,https://twitter.com/Najmul2Syed,Congratulations England.  What a sweet revenge of 1992 defeat.,2022-11-13T13:35:43.000Z
